fips,abbr,state,chr_poor_mh_days,chr_freq_mental_distress,chr_suicide_rate,chr_drug_overdose_rate,chr_mh_provider_ratio,chr_pcp_ratio,chr_uninsured_adults,chr_excessive_drinking,chr_social_associations,chr_life_expectancy,chr_loneliness,chr_lack_social_support
01,AL,Alabama,5.9,19.6,16.2,29.6,639,1541,12.7,16.5,11.6,73.7,37.1,26.0
02,AK,Alaska,5.2,16.4,28.6,39.7,125,1046,14.7,20.1,11.0,76.1,34.0,26.6
04,AZ,Arizona,5.4,17.4,19.1,36.3,481,1512,13.8,18.2,5.7,77.2,32.5,28.0
05,AR,Arkansas,6.3,20.7,19.2,19.4,356,1442,12.3,16.6,11.7,74.0,35.8,27.8
06,CA,California,5.7,18.4,10.3,28.3,205,1199,9.0,19.0,6.2,79.7,36.2,26.8
08,CO,Colorado,5.7,17.5,21.6,31.8,193,1196,9.2,20.4,8.7,78.7,,
09,CT,Connecticut,5.6,17.2,10.1,40.1,,,7.9,18.8,8.6,79.8,33.5,25.2
10,DE,Delaware,5.2,16.5,12.3,52.0,285,1317,9.0,17.7,10.2,77.1,32.8,22.9
11,DC,,4.8,13.7,5.9,65.7,136,751,3.5,24.8,28.8,77.3,36.2,22.7
12,FL,Florida,5.8,18.7,14.0,33.6,443,1368,15.5,18.5,6.9,78.5,,
13,GA,Georgia,5.9,19.6,14.6,23.7,499,1491,16.0,16.2,8.8,76.0,38.8,26.0
15,HI,Hawaii,5.3,16.5,14.8,20.2,309,1152,4.4,22.5,6.3,81.4,33.0,29.7
16,ID,Idaho,5.2,17.3,21.9,19.4,350,1609,12.7,17.3,7.2,78.3,30.3,21.0
17,IL,Illinois,5.8,18.7,11.2,29.5,282,1220,8.8,21.0,9.8,78.1,34.6,25.3
18,IN,Indiana,5.9,19.3,15.8,37.7,442,1507,9.1,18.4,11.8,75.6,33.7,23.6
19,IA,Iowa,5.4,17.8,17.2,14.6,443,1357,7.0,23.0,14.3,78.2,33.1,24.1
20,KS,Kansas,5.3,17.7,19.2,23.7,375,1271,11.7,18.4,13.1,76.7,31.5,21.7
21,KY,Kentucky,,,17.5,49.7,304,1586,7.6,,10.3,73.6,,
22,LA,Louisiana,6.6,21.3,14.9,51.2,274,1403,10.0,19.0,9.4,73.8,38.0,30.3
23,ME,Maine,6.2,20.4,18.3,46.1,171,939,8.8,19.8,10.7,77.1,34.2,24.1
24,MD,Maryland,5.4,17.0,9.6,42.5,254,1163,8.2,17.4,8.9,78.4,34.0,23.5
25,MA,Massachusetts,5.7,17.5,8.4,36.3,127,970,3.5,20.4,8.9,80.2,34.8,23.6
26,MI,Michigan,6.1,20.0,14.4,29.8,270,1239,6.4,19.5,9.6,76.8,33.5,23.5
27,MN,Minnesota,5.1,17.1,14.0,23.7,261,1116,5.8,21.4,12.2,79.6,31.1,21.9
28,MS,Mississippi,5.6,19.1,14.8,25.4,411,1798,15.0,15.6,12.6,72.5,38.0,30.8
29,MO,Missouri,5.9,19.8,18.4,34.2,360,1389,10.5,18.3,11.5,75.7,32.6,20.7
30,MT,Montana,5.8,19.1,27.9,17.7,230,1198,11.9,23.7,13.8,77.3,31.6,22.4
31,NE,Nebraska,4.6,15.3,15.2,10.3,276,1320,8.8,22.6,13.4,78.4,30.5,20.9
32,NV,Nevada,6.0,19.4,20.1,34.0,361,1705,14.6,19.2,4.3,76.8,36.2,26.2
33,NH,New Hampshire,5.4,17.0,16.0,32.7,236,1156,6.8,20.3,10.2,79.0,31.6,22.4
34,NJ,New Jersey,5.2,16.1,7.4,31.4,304,1261,10.1,18.5,8.1,80.2,33.9,24.8
35,NM,New Mexico,5.5,17.5,24.1,48.4,208,1342,13.9,16.3,8.1,74.8,34.9,25.5
36,NY,New York,5.5,17.8,8.2,31.4,255,1209,6.8,20.6,7.9,80.4,33.4,24.1
37,NC,North Carolina,5.7,18.8,13.5,36.8,285,1406,13.2,17.5,11.2,76.0,34.0,23.5
38,ND,North Dakota,4.5,15.4,19.5,16.9,383,1259,6.3,23.8,15.7,78.6,30.0,21.7
39,OH,Ohio,5.9,19.5,14.6,43.3,270,1304,8.4,19.1,10.8,75.7,35.8,21.9
40,OK,Oklahoma,5.7,19.3,21.5,28.5,228,1677,16.6,15.5,11.1,74.0,33.9,26.0
41,OR,Oregon,6.0,19.6,19.4,33.9,129,1049,8.1,19.2,9.7,77.8,,
42,PA,Pennsylvania,,,13.8,39.5,324,1245,7.1,,11.9,77.5,,
44,RI,Rhode Island,5.1,15.8,9.9,39.3,185,1038,5.9,22.2,9.6,79.4,32.0,20.0
45,SC,South Carolina,5.8,18.6,15.5,41.6,418,1476,13.0,17.3,11.2,75.1,34.5,26.4
46,SD,South Dakota,4.9,16.5,21.4,10.8,384,1257,11.2,21.6,15.4,77.4,,
47,TN,Tennessee,6.7,22.0,17.1,53.2,471,1440,13.1,16.6,11.0,73.8,,
48,TX,Texas,5.7,18.5,13.9,17.9,553,1636,21.6,19.2,7.3,77.2,,
49,UT,Utah,5.4,18.1,21.1,19.6,239,1783,10.3,13.0,3.6,79.0,31.9,20.2
50,VT,Vermont,5.6,17.7,18.1,40.6,167,882,5.4,21.9,12.5,78.7,,
51,VA,Virginia,5.8,18.6,13.3,29.2,352,1320,8.6,17.4,11.1,77.8,35.0,21.9
53,WA,Washington,5.7,18.3,15.4,36.3,176,1173,8.9,19.6,8.2,78.7,,
54,WV,West Virginia,7.1,23.4,19.1,79.1,464,1249,9.0,16.4,12.5,72.4,35.5,24.5
55,WI,Wisconsin,5.3,17.3,14.7,30.1,355,1223,6.6,22.3,11.1,78.2,31.6,20.8
56,WY,Wyoming,5.3,17.2,28.7,21.2,242,1421,15.6,18.4,13.7,76.8,,
00,US,United States,5.7,18.6,14.0,32.0,287,1312,11.0,18.7,9.1,77.6,34.0,23.9
