fips,county,chr_poor_mh_days,chr_freq_mental_distress,chr_suicide_rate,chr_drug_overdose_rate,chr_mh_provider_ratio,chr_pcp_ratio,chr_uninsured_adults,chr_excessive_drinking,chr_social_associations,chr_life_expectancy,chr_loneliness,chr_lack_social_support,chr_children_poverty,chr_severe_housing,chr_pct_rural
01001,Autauga,5.8,18.0,15.6,10.9,2743,2273,10.3,17.4,11.2,74.8,34.3,24.0,17.0,13.5,40.7
01003,Baldwin,6.0,18.2,19.2,31.6,828,1595,12.7,20.6,9.7,76.6,31.6,22.5,14.1,12.0,37.6
01005,Barbour,6.3,21.1,14.8,16.2,3512,2496,15.8,14.1,8.9,72.7,35.7,30.7,34.8,13.8,65.9
01007,Bibb,6.6,21.3,17.8,27.0,2734,1498,13.5,16.5,8.6,73.0,36.3,29.0,21.4,11.9,100.0
01009,Blount,6.4,21.1,23.3,23.8,3519,4920,16.1,18.1,7.4,72.9,36.4,26.4,16.6,10.3,90.5
01011,Bullock,6.5,22.6,,,4949,5160,15.1,12.8,4.9,71.0,37.2,34.5,39.8,12.7,100.0
01013,Butler,6.3,21.4,14.8,21.0,1149,3777,13.3,14.4,9.1,71.5,35.5,29.3,37.4,9.9,69.4
01015,Calhoun,6.6,19.6,19.2,33.6,613,1705,14.8,16.5,13.9,70.8,33.8,24.7,28.5,12.4,36.5
01017,Chambers,6.3,21.8,18.9,11.8,6816,2467,16.1,15.7,16.4,71.9,36.9,31.1,26.0,15.2,50.7
01019,Cherokee,6.1,20.0,27.6,19.6,1510,2272,16.5,17.8,7.9,72.4,32.5,23.8,20.5,8.5,100.0
01021,Chilton,6.0,19.0,15.9,25.1,1191,4527,16.9,17.1,15.9,72.7,32.2,23.3,21.5,12.9,85.5
01023,Choctaw,6.4,21.6,,,6126,2507,13.8,14.9,19.3,73.1,37.2,29.3,35.8,13.6,100.0
01025,Clarke,6.6,21.4,18.3,14.6,971,2529,14.4,15.3,16.4,69.9,37.2,29.9,28.7,12.0,100.0
01027,Clay,6.4,22.1,27.8,,4704,3548,13.2,16.8,10.6,71.9,35.6,27.5,25.0,10.1,100.0
01029,Cleburne,6.2,21.4,24.0,,2234,3776,15.8,17.9,8.5,72.1,34.5,25.7,21.7,8.3,100.0
01031,Coffee,5.7,18.0,17.7,10.5,912,1935,14.9,17.3,12.0,74.2,33.4,23.1,21.0,11.4,47.5
01033,Colbert,6.0,20.3,21.0,19.3,1667,1512,13.3,17.1,14.8,73.0,33.8,25.9,20.5,10.7,40.3
01035,Conecuh,6.3,20.8,,32.0,1242,2266,13.2,14.4,7.1,69.0,35.6,28.8,43.1,6.3,100.0
01037,Coosa,6.2,21.1,,,5134,,11.4,17.0,9.8,72.2,35.9,29.4,28.0,6.7,100.0
01039,Covington,6.6,21.3,17.8,22.3,1265,2085,14.0,16.4,10.9,70.6,34.0,25.9,22.4,11.9,68.8
01041,Crenshaw,6.3,20.8,,,1456,4361,16.7,16.0,11.5,70.4,34.8,27.8,27.1,10.4,100.0
01043,Cullman,6.2,20.8,20.4,30.6,609,2081,14.8,18.9,9.3,72.9,35.7,25.4,21.3,10.5,75.6
01045,Dale,5.9,19.7,24.3,16.2,712,3524,13.5,16.4,10.7,73.0,33.6,25.6,22.0,11.6,50.5
01047,Dallas,6.5,21.1,12.6,23.5,1292,1393,12.5,12.7,14.1,67.7,35.2,31.1,46.5,15.5,44.9
01049,DeKalb,6.4,22.0,21.7,22.7,1814,2476,20.1,16.2,9.4,72.4,34.6,27.6,28.8,12.3,88.3
01051,Elmore,5.9,19.1,15.1,10.7,2741,4465,11.3,18.1,10.5,74.6,36.0,25.2,17.0,10.5,71.2
01053,Escambia,6.8,21.8,22.4,49.2,988,3336,16.3,14.6,13.6,70.1,35.7,27.8,29.0,11.3,65.3
01055,Etowah,5.9,21.1,21.3,25.9,649,1357,14.3,16.5,14.2,70.2,36.7,25.7,25.5,11.4,43.2
01057,Fayette,6.6,22.5,20.6,39.2,5322,1009,14.6,16.5,7.4,70.7,35.5,26.7,22.0,9.8,100.0
01059,Franklin,6.2,21.0,11.9,27.2,6360,2463,17.7,16.4,7.8,71.5,35.1,25.9,34.4,9.9,69.0
01061,Geneva,6.9,20.2,18.7,16.3,2699,3338,15.5,16.6,9.3,70.6,35.4,25.2,27.0,12.8,99.4
01063,Greene,6.9,23.0,,,7341,2543,11.8,11.6,8.1,70.6,37.1,33.4,46.8,13.9,100.0
01065,Hale,6.3,20.8,14.9,,2127,4918,14.5,13.5,6.2,69.9,35.4,29.4,32.2,14.7,100.0
01067,Henry,6.2,22.1,21.3,,1377,2910,13.9,16.7,12.5,74.2,37.0,29.1,22.7,8.4,100.0
01069,Houston,6.1,21.1,18.4,16.5,521,1221,15.1,15.4,10.9,73.5,35.7,27.8,24.6,13.2,34.3
01071,Jackson,6.4,22.0,16.7,10.8,1782,1955,16.4,17.4,9.5,70.9,34.7,25.6,19.2,10.1,75.3
01073,Jefferson,5.5,18.0,13.9,50.1,369,900,12.3,16.0,14.1,72.4,33.6,27.9,21.5,16.1,12.1
01075,Lamar,6.6,20.8,,,4554,,14.1,17.3,8.0,72.4,34.8,25.3,23.0,9.8,100.0
01077,Lauderdale,6.0,19.4,14.0,19.4,510,1844,13.2,17.3,13.2,74.9,33.5,22.9,16.8,11.9,52.2
01079,Lawrence,6.4,21.8,22.3,,817,5515,15.4,17.7,10.2,71.1,35.3,26.8,19.2,8.6,100.0
01081,Lee,5.8,19.4,13.8,12.0,739,2014,12.3,17.8,8.4,77.1,32.8,24.6,14.9,18.1,26.4
01083,Limestone,5.5,18.6,14.7,6.5,1529,2906,11.4,17.2,7.7,76.1,31.8,24.4,11.3,9.9,51.0
01085,Lowndes,6.3,21.8,,,9717,9965,11.6,12.6,5.1,67.6,36.1,31.5,42.1,18.3,100.0
01087,Macon,6.3,20.5,,,209,3149,11.9,12.8,7.6,71.4,36.4,32.3,40.6,12.5,53.9
01089,Madison,5.5,17.1,15.3,28.9,500,1169,10.1,17.8,10.3,76.5,33.0,24.1,13.5,11.0,17.1
01091,Marengo,6.1,20.8,16.2,,2336,2375,12.9,14.6,14.9,70.8,35.9,29.8,33.1,9.2,67.8
01093,Marion,6.3,20.6,22.8,,3249,4178,14.0,17.3,9.6,72.4,33.2,24.1,24.3,10.1,100.0
01095,Marshall,6.1,20.2,17.3,26.5,347,1819,16.3,17.8,9.0,71.9,33.4,24.0,21.5,10.3,53.7
01097,Mobile,5.9,20.3,15.1,26.8,725,1405,15.2,16.8,11.1,72.6,35.2,28.3,24.8,15.2,22.4
01099,Monroe,6.5,21.3,11.8,18.5,836,2183,14.6,14.7,14.4,70.8,35.0,29.2,27.9,10.9,78.3
01101,Montgomery,5.8,19.9,11.2,16.7,439,1034,14.6,13.8,14.6,72.7,35.6,31.6,26.0,17.4,12.4
01103,Morgan,6.2,20.0,21.3,26.6,579,1963,15.8,17.1,11.7,72.8,35.4,27.1,16.8,10.9,38.4
01105,Perry,6.7,23.1,,,1548,2785,12.9,12.2,10.0,68.8,36.4,32.1,50.3,10.4,100.0
01107,Pickens,6.0,20.3,,19.2,1869,2686,13.0,15.0,11.2,71.5,34.8,28.0,30.3,9.9,100.0
01109,Pike,6.3,19.4,12.3,,1036,2357,13.0,15.3,9.7,71.6,34.4,26.5,32.5,15.7,56.2
01111,Randolph,6.4,21.4,22.3,14.8,3255,3665,16.0,17.3,8.9,73.1,35.6,27.2,25.0,11.4,100.0
01113,Russell,6.2,21.3,20.6,29.1,1780,5872,15.2,15.9,9.9,71.0,34.4,30.4,26.7,17.8,40.4
01115,St. Clair,6.2,19.0,19.9,41.8,3413,5456,11.9,19.0,8.2,72.8,33.4,24.2,14.3,9.4,67.1
01117,Shelby,5.5,16.5,12.9,25.1,756,1297,9.5,17.9,9.8,79.4,32.5,22.1,9.4,10.0,24.0
01119,Sumter,6.2,21.8,,,5864,1738,11.6,12.5,10.1,71.3,36.8,31.6,45.4,11.5,100.0
01121,Talladega,6.0,20.8,17.6,15.3,2386,3882,13.1,15.5,11.9,70.5,34.4,27.0,22.8,14.6,58.7
01123,Tallapoosa,6.3,19.8,18.8,12.3,2542,2159,15.0,16.7,12.7,72.8,35.1,26.6,22.6,11.9,78.4
01125,Tuscaloosa,6.5,20.0,12.5,21.5,592,1587,10.9,16.3,8.8,74.5,36.2,27.4,23.8,15.3,31.1
01127,Walker,6.5,22.1,21.0,51.0,841,2161,15.7,16.3,14.5,67.8,37.5,25.8,23.3,11.7,79.7
01129,Washington,6.4,21.9,19.1,,3004,15147,12.6,16.1,19.2,72.6,35.8,28.7,26.2,8.2,100.0
01131,Wilcox,6.7,23.6,,,3315,10446,15.5,12.4,7.0,68.7,38.9,34.7,48.5,15.3,100.0
01133,Winston,6.5,19.2,19.3,22.6,4722,2628,14.5,18.1,9.3,72.7,33.2,22.9,24.0,9.7,100.0
