state,kff_mh_hpsa_designations,kff_mh_hpsa_population,kff_mh_hpsa_pct_need_met,kff_mh_hpsa_practitioners_needed
United States,6807,137133953,27.29,6800
Alabama,67,2934202,28.40,128
Alaska,338,420338,12.23,22
Arizona,213,2072779,10.08,144
Arkansas,96,1136317,25.90,71
California,627,11542855,23.49,598
Colorado,83,4053458,40.94,138
Connecticut,49,1118426,24.11,74
Delaware,13,404336,6.95,47
District of Columbia,10,126214,0.00,8
Florida,239,9871089,24.87,545
Georgia,92,5065892,45.31,174
Hawaii,32,502865,33.11,22
Idaho,65,1273700,30.35,49
Illinois,228,6998099,22.93,301
Indiana,107,6062206,39.89,222
Iowa,181,1895311,19.52,83
Kansas,114,1168427,18.67,52
Kentucky,213,2787237,19.54,150
Louisiana,180,3212910,27.70,147
Maine,66,269696,14.41,11
Maryland,48,1515872,22.10,81
Massachusetts,52,250535,24.65,16
Michigan,261,3671822,39.20,149
Minnesota,145,2604502,24.87,114
Mississippi,86,2116907,34.90,96
Missouri,263,1928387,15.18,114
Montana,104,792299,36.96,36
Nebraska,91,1068645,44.54,30
Nevada,57,1959041,20.60,153
New Hampshire,21,153649,48.15,4
New Jersey,42,690095,52.27,34
New Mexico,96,1366753,30.40,65
New York,200,3773411,15.15,238
North Carolina,218,4269267,12.52,256
North Dakota,78,497647,34.87,18
Ohio,138,5541241,33.73,247
Oklahoma,129,1893666,21.39,120
Oregon,129,1388620,30.02,68
Pennsylvania,128,1021339,32.05,70
Rhode Island,15,607076,48.94,21
South Carolina,86,4434925,30.72,201
South Dakota,63,661583,17.98,37
Tennessee,97,3143942,13.25,252
Texas,393,13441553,32.16,606
Utah,62,2655667,50.84,81
Vermont,12,,,
Virginia,128,2605394,22.44,158
Washington,226,4511246,20.94,200
West Virginia,124,810123,5.68,94
Wisconsin,174,2175303,41.77,92
Wyoming,29,966649,32.25,41
