state,nri_smha_exp_per_capita,nri_smha_exp_per_capita_rank,nri_smha_exp_total,nri_civilian_pop
Alabama,133.15,30,685168334,5146020
Alaska,303.73,10,218242493,718543
Arizona,45.37,48,343228173,7565095
Arkansas,38.95,50,120146773,3084635
California,227.93,17,8957042513,39297676
Colorado,66.76,42,395418103,5922969
Connecticut,320.84,8,1177519363,3670099
Delaware,161.49,26,169330573,1048534
District of Columbia,384.55,6,268842946,699116
Florida,52.34,47,1220080167,23310846
Georgia,89.97,40,1000980839,11125586
Hawaii,166.77,25,234516819,1406187
Idaho,61.38,43,122655674,1998196
Illinois,88.87,41,1128110403,12693926
Indiana,109.32,35,756835315,6923251
Iowa,401.70,5,1302020737,3241257
Kansas,260.96,14,769917107,2950274
Kentucky,60.09,45,274759334,4572233
Louisiana,218.04,18,999294126,4583145
Maine,179.96,21,252688364,1404172
Maryland,103.34,37,644198292,6233607
Massachusetts,167.51,24,1194840781,7132747
Michigan,34.22,51,346966330,10138576
Minnesota,350.17,7,2028367852,5792546
Mississippi,91.83,39,269269587,2932371
Missouri,171.78,23,1070176020,6230103
Montana,319.30,9,362048419,1133895
Nebraska,178.02,22,355892675,1999174
Nevada,42.62,49,138756809,3255772
New Hampshire,282.10,11,397344557,1408510
New Jersey,238.60,16,2265153024,9493352
New Mexico,200.33,19,424082497,2116914
New York,430.14,3,8537391040,19847942
North Carolina,126.51,33,1385256571,10949942
North Dakota,185.47,20,146425519,789463
Ohio,251.83,15,2990922464,11876876
Oklahoma,128.30,32,522996858,4076488
Oregon,640.80,1,2736819102,4270922
Pennsylvania,410.63,4,5369395205,13075943
Puerto Rico,31.76,52,103794325,3268000
Rhode Island,101.09,38,112039792,1108283
South Carolina,113.36,34,616859372,5441738
South Dakota,130.98,31,120691568,921481
Tennessee,151.46,28,1091639407,7207513
Texas,52.34,46,1631963339,31179223
Utah,104.01,36,363950295,3499189
Vermont,463.17,2,300300348,648358
Virginia,157.53,27,1372187618,8710778
Washington,272.41,13,2154786472,7910036
West Virginia,150.86,29,266996226,1769795
Wisconsin,275.91,12,1644378662,5959809
Wyoming,61.00,44,35699579,585264
Total,179.36,,61398388761,342326370
