measure,alabama_2025,us_2025,alabama_2024,ref
People served by the state mental health authority (all ages),"94,410",—,"93,506",42;43
"Penetration rate (per 1,000 residents, all ages)",18.31,22.94,18.31,42;43
Served in state psychiatric hospitals during the year,618,—,645,42;43
"Readmission to state hospital within 30 days (civil patients, all ages)",1.5% (1 of 68),9.0%,6.8% (5 of 74),42;43
"Readmission within 180 days (civil patients, all ages)",1.5% (1 of 68),19.8%,9.5%,42;43
Employed (adults),21.0%,28.8%,21.7%,42;43
Living in a private residence (all ages),91.4%,83.3%,92.7%,42;43
Homeless at reporting point (all ages),2.7%,4.9%,1.9%,42;43
Adults in Assertive Community Treatment,897,—,779,42;43
Adults in supported employment,234,—,205,42;43
Adults in supported housing,259,—,240,42;43
Consumer survey: positive about outcomes (adults),81.5%,77.7%,80.9%,42;43
Share of people served who are Black (all ages),38.3%,18.1%,37.8%,42;43
