measure,alabama,rank_of_51,rank_note,united_states,ref
Adults with any mental illness,22.09%,11,,22.95%,35
Adults with substance use disorder,16.92%,10,,18.05%,35
Adults with serious thoughts of suicide,4.73%,9,,5.06%,35
Youth with major depressive episode,18.91%,21,,18.82%,35
Youth with substance use disorder,8.86%,32,,8.56%,35
Youth with serious thoughts of suicide,13.48%,31,,12.87%,35
Youth flourishing,56.90%,40,,60.40%,35
Adults with SUD needing but not receiving treatment,75.38%,17,,77.09%,35
Adults with mental illness who are uninsured,14.10%,41,,9.20%,35
Adults with 14+ mentally unhealthy days unable to see a doctor due to cost,30.04%,41,,26.58%,35
Adults with mental illness reporting unmet treatment need,19.10%,7,,25.20%,35
Adults with mental illness whose private insurance did not cover mental health,14.20%,41,,9.60%,35
Youth whose private insurance did not cover mental health,18.00%,51,,8.60%,35
Youth with major depression who received no services,66.40%,51,,50.80%,35
Youth with no preventive visit in past year,30.00%,36,,28.60%,35
"Students with an emotional-disturbance IEP (per 1,000)",1.51,49,the lowest reported value; two states have no data,6.63,35;198
Mental health workforce availability (residents per provider),740:1,51,,320:1,35
