line,fiscal_year,amount_millions,note,ref
Total ADMH General Fund,FY2026,244.5,,20
Total ADMH General Fund,FY2027,240.9,,18
Six crisis diversion centers,FY2026,36.0,,20
Six crisis diversion centers,FY2027,36.0,,18
Five existing rural crisis-care programs,FY2026,6.0,,20
Five existing rural crisis-care programs,FY2027,6.0,,18
Child and adolescent mobile-crisis pilot,FY2026,5.0,,20
Child and adolescent mobile-crisis pilot,FY2027,5.0,,18
Civil commitment and residential services,FY2026,8.0,,20
Civil commitment and residential services,FY2027,8.0,,18
Additional civil-commitment beds,FY2026,,—,18
Additional civil-commitment beds,FY2027,2.5,on top of the $8.0 million,18
988 call centers,FY2026,0.5,,20
988 call centers,FY2027,0.0,,18
Anti-eviction defense program,FY2026,0.65,,20
Anti-eviction defense program,FY2027,0.65,"Governor had proposed $325,000",18
CIT training,FY2026,1.0,,20
CIT training,FY2027,1.0,,18
Veterans' PTSD services,FY2026,0.2,,20
Veterans' PTSD services,FY2027,0.2,,18
