abbr,cdc_suicide_rate,cdc_suicide_deaths,cdc_overdose_rate,cdc_overdose_deaths
AK,29.7,222,45.1,340
AL,15.9,837,25,1211
AR,19,592,13.9,416
AZ,18.9,1516,32.6,2453
CA,9.6,4022,21.7,9028
CO,20.8,1313,25.7,1610
CT,10,394,26.2,995
DE,11.8,125,33.4,338
District of Columbia,5.7,44,43.2,315
FL,13.9,3633,21.3,4958
GA,14.3,1648,18.1,2029
HI,13.7,200,21,333
IA,17.1,548,13.7,427
ID,21.2,437,17.3,338
IL,10.8,1426,19.3,2531
IN,16.8,1175,25.7,1717
KS,17.9,527,19.7,570
KY,17.9,844,33.5,1492
LA,14.1,654,33.5,1467
MA,8.3,648,21.8,1590
MD,9.7,630,26.9,1772
ME,19.2,285,35.2,483
MI,13.7,1448,19.1,1944
MN,13.7,818,17.3,995
MO,17.8,1152,23.7,1461
MS,15.1,450,18.6,525
MT,26.8,320,15.3,170
NC,14.1,1620,25.7,2780
ND,19.2,145,14.8,108
NE,14.9,297,8.1,155
NH,16.4,248,21.6,293
NJ,6.7,682,20.2,1992
NM,24.6,532,37.1,775
NV,19.6,676,35.9,1237
NY,8.1,1701,21.3,4449
OH,15.2,1856,27.2,3165
OK,20.9,868,25.5,1019
OR,20,941,33.5,1500
PA,13.3,1845,25.6,3341
RI,8.9,105,28,323
SC,16,904,27.5,1467
SD,21.9,198,11.9,98
TN,16.4,1229,35.2,2499
TX,14.2,4490,15.8,4980
UT,19.5,665,20.3,674
VA,12.9,1196,17.6,1552
VT,14.7,105,33.6,208
WA,14.5,1221,37.6,3145
WI,14.8,920,19.8,1175
WV,16.4,303,48.9,821
WY,27.8,169,20.1,120
