fips,abbr,state,chr_poor_mh_days,chr_freq_mental_distress,chr_suicide_rate,chr_drug_overdose_rate,chr_mh_provider_ratio,chr_pcp_ratio,chr_uninsured_adults,chr_excessive_drinking,chr_social_associations,chr_life_expectancy,chr_loneliness,chr_lack_social_support,chr_children_poverty,chr_severe_housing,chr_pct_rural
01,AL,Alabama,5.8,18.7,16.1,26.1,684,1571,13.3,15.2,11.7,73.3,33.4,27.1,21.3,13.1,42.3
02,AK,Alaska,4.7,15.4,27.8,30.7,131,1033,15.2,19.7,10.9,76.3,34.1,27.9,12.5,19.8,35.1
04,AZ,Arizona,5.4,17.4,19.1,36.0,509,1505,14.4,20.0,5.7,76.7,33.7,28.5,15.8,17.1,10.7
05,AR,Arkansas,6.4,21.5,18.8,19.8,368,1478,11.9,19.0,11.7,73.7,,,20.2,13.2,44.5
06,CA,California,4.7,14.6,10.4,26.1,213,1233,9.1,19.9,6.2,79.4,32.5,29.9,15.0,25.8,5.8
08,CO,Colorado,5.3,16.3,21.8,29.7,204,1207,9.6,21.6,8.7,78.5,,,10.9,16.0,14.0
09,CT,Connecticut,4.9,15.4,10.4,40.8,195,1209,7.2,19.1,8.8,79.2,34.0,25.3,13.0,17.4,13.7
10,DE,Delaware,4.8,15.5,12.0,50.1,296,1356,8.2,17.0,10.1,76.8,29.6,23.7,15.4,14.3,17.4
11,DC,District of Columbia,4.9,14.0,6.2,64.5,138,776,3.6,25.2,29.4,76.5,35.8,25.6,20.7,19.7,0.0
12,FL,Florida,5.1,16.0,14.2,34.4,459,1370,16.2,18.3,7.0,78.1,32.2,25.6,16.0,19.0,8.5
13,GA,Georgia,5.2,16.4,14.6,21.9,525,1517,16.5,16.5,8.8,75.6,34.3,31.2,18.8,15.2,25.9
15,HI,Hawaii,4.0,12.2,14.1,19.3,320,1122,4.8,21.7,6.5,81.4,,,11.8,26.1,13.9
16,ID,Idaho,4.9,15.7,22.0,18.1,371,1619,11.5,17.8,7.2,78.0,29.5,21.8,11.3,13.2,30.8
17,IL,Illinois,4.5,14.0,11.1,29.5,297,1264,9.4,19.3,9.7,77.5,,,14.7,15.6,13.1
18,IN,Indiana,5.5,17.5,15.6,38.3,474,1524,9.4,17.2,11.8,75.1,32.0,24.5,15.1,12.2,28.8
19,IA,Iowa,4.7,14.1,17.2,14.4,466,1385,6.1,24.5,14.2,77.8,34.9,22.6,13.0,11.3,36.8
20,KS,Kansas,5.2,16.6,19.1,21.9,395,1285,12.3,19.5,13.2,76.4,30.7,21.8,13.1,12.3,27.7
21,KY,Kentucky,5.0,16.4,17.5,49.9,320,1601,7.6,15.3,10.2,73.3,29.8,23.9,20.2,12.9,41.3
22,LA,Louisiana,6.4,20.7,14.8,48.6,283,1441,10.2,19.6,9.3,73.3,,,25.2,15.8,28.5
23,ME,Maine,5.6,18.1,18.3,44.2,177,932,9.6,20.0,10.6,77.2,33.8,22.9,12.6,12.6,61.4
24,MD,Maryland,4.8,15.2,9.8,44.0,273,1179,7.9,15.8,8.8,77.8,35.9,27.4,11.3,15.6,14.4
25,MA,Massachusetts,4.9,15.2,8.6,36.1,130,990,3.3,20.4,9.1,79.7,32.3,23.3,12.7,17.3,8.7
26,MI,Michigan,5.6,17.7,14.4,29.4,281,1276,6.6,20.1,9.5,76.2,32.5,23.1,17.5,13.4,26.5
27,MN,Minnesota,5.0,15.6,13.9,22.2,278,1134,6.2,22.6,12.4,79.3,31.0,22.0,10.2,12.6,28.1
28,MS,Mississippi,5.1,16.5,14.4,24.1,436,1875,16.1,16.1,12.5,71.9,34.8,32.8,24.3,14.3,53.7
29,MO,Missouri,5.5,18.1,18.7,33.6,382,1421,12.0,21.9,11.4,75.2,31.9,23.2,14.7,12.8,30.5
30,MT,Montana,5.5,17.8,27.6,17.2,250,1200,11.8,25.6,14.1,76.9,30.6,22.4,12.8,13.8,46.6
31,NE,Nebraska,4.3,12.5,15.0,11.1,294,1343,9.2,21.9,13.7,78.1,30.9,22.1,11.1,12.3,27.0
32,NV,Nevada,4.9,15.2,20.2,29.4,376,1763,15.3,19.9,4.4,76.4,33.3,26.3,16.4,19.3,5.9
33,NH,New Hampshire,5.7,18.3,17.0,31.8,250,1149,7.0,20.9,10.1,78.9,34.4,25.8,8.2,13.5,41.7
34,NJ,New Jersey,4.5,14.2,7.6,32.4,320,1279,9.5,18.4,8.1,79.0,30.6,27.1,12.8,19.8,6.2
35,NM,New Mexico,5.0,16.7,24.5,45.1,215,1344,13.0,18.5,8.0,74.4,36.3,26.1,22.6,16.5,25.5
36,NY,New York,4.9,15.8,8.2,29.2,265,1245,6.8,19.7,7.9,79.4,,,18.6,22.5,12.6
37,NC,North Carolina,4.9,15.9,13.4,35.9,299,1413,13.5,19.6,11.3,75.9,31.0,23.3,17.5,14.2,33.3
38,ND,North Dakota,4.5,14.3,19.8,16.6,420,1294,8.0,25.1,15.6,77.8,,,10.1,12.0,39.0
39,OH,Ohio,6.1,19.4,14.7,44.7,286,1328,8.1,21.2,10.8,75.2,34.4,24.1,17.5,12.7,23.7
40,OK,Oklahoma,5.7,18.7,21.2,24.3,231,1694,17.1,15.4,11.2,73.7,37.6,25.7,20.5,13.5,35.4
41,OR,Oregon,5.7,18.8,19.3,26.2,137,1064,8.8,21.5,9.9,78.0,,,13.6,18.2,19.5
42,PA,Pennsylvania,5.1,15.9,13.9,40.8,345,1265,7.0,19.8,11.8,76.9,,,15.5,13.8,23.5
44,RI,Rhode Island,5.1,16.2,9.9,39.3,196,1034,6.1,20.3,9.8,78.9,33.4,22.0,15.1,16.3,8.9
45,SC,South Carolina,5.2,16.7,15.7,39.2,437,1485,13.4,19.9,11.2,74.7,33.8,28.1,18.8,14.1,32.1
46,SD,South Dakota,4.0,13.3,21.2,10.5,409,1252,11.5,22.4,15.6,76.8,,,13.5,11.4,42.8
47,TN,Tennessee,6.3,21.3,16.9,51.0,500,1437,13.2,18.1,11.0,73.5,34.3,27.8,18.9,13.3,33.8
48,TX,Texas,5.1,16.2,13.8,16.5,590,1657,22.3,18.8,7.4,76.7,34.3,29.0,18.4,17.5,16.3
49,UT,Utah,5.2,16.1,21.3,19.2,248,1785,10.7,13.7,3.5,78.8,32.4,21.7,9.2,13.4,10.2
50,VT,Vermont,5.5,17.3,18.2,37.5,174,899,5.8,23.0,12.6,78.7,33.3,22.6,10.2,15.3,64.9
51,VA,Virginia,5.3,17.1,13.4,28.4,379,1341,8.7,19.6,11.0,77.6,,,12.7,13.9,24.4
53,WA,Washington,5.4,17.1,15.4,29.0,186,1202,8.8,18.2,8.3,78.8,36.2,28.4,12.1,16.5,16.6
54,WV,West Virginia,6.7,22.5,19.6,78.0,506,1319,9.1,16.5,12.6,72.1,31.1,25.8,19.6,11.1,55.4
55,WI,Wisconsin,5.4,17.0,14.7,28.9,375,1251,7.0,23.5,11.1,77.8,32.1,25.0,12.8,12.4,32.9
56,WY,Wyoming,4.8,15.3,28.6,19.2,252,1433,16.6,21.6,13.7,76.4,27.3,21.0,12.0,12.1,38.0
00,US,United States,5.1,16.3,14.0,30.8,301,1334,11.2,19.4,9.1,77.1,33.0,25.1,16.0,16.8,20.0
