fips,county,chr_poor_mh_days,chr_freq_mental_distress,chr_suicide_rate,chr_drug_overdose_rate,chr_mh_provider_ratio,chr_pcp_ratio,chr_uninsured_adults,chr_excessive_drinking,chr_social_associations,chr_life_expectancy,chr_loneliness,chr_lack_social_support
01001,Autauga,5.5,18.0,15.8,13.4,2561,2390,10.2,16.9,11.1,75.3,33.7,24.3
01003,Baldwin,5.1,16.8,19.1,32.5,815,1540,11.4,19.7,9.6,77.0,33.3,21.9
01005,Barbour,5.9,19.9,12.8,22.9,3480,3088,15.6,14.8,9.4,73.7,39.8,31.7
01007,Bibb,5.9,19.9,17.5,34.7,2473,1048,15.1,16.3,8.7,72.9,37.2,28.0
01009,Blount,5.7,18.9,24.3,28.0,3342,4959,16.6,17.6,7.2,73.5,35.8,24.3
01011,Bullock,6.2,21.3,,36.2,3300,5101,18.3,12.2,7.1,70.2,40.2,34.4
01013,Butler,6.0,20.2,15.4,21.5,1141,3730,13.4,14.4,9.2,71.6,39.4,29.8
01015,Calhoun,5.9,19.3,18.5,41.6,600,1898,13.9,16.7,13.1,70.7,37.5,25.9
01017,Chambers,6.0,20.0,18.9,20.4,6763,2841,12.9,14.4,17.3,72.3,37.6,28.6
01019,Cherokee,5.9,19.8,23.6,26.3,1452,2530,14.2,17.7,7.8,72.3,35.6,24.3
01021,Chilton,5.7,19.3,13.3,30.5,1125,4171,15.1,16.8,15.7,72.7,37.4,25.5
01023,Choctaw,6.1,20.3,,,4017,2488,13.7,14.9,19.6,73.2,38.6,29.0
01025,Clarke,5.9,19.7,17.7,14.8,963,2252,13.3,14.5,16.6,71.9,40.1,30.3
01027,Clay,5.9,20.0,23.0,,4746,2840,13.7,17.0,13.5,73.6,36.7,25.6
01029,Cleburne,6.1,19.7,27.4,,1988,3837,14.6,18.1,7.7,70.8,36.3,24.6
01031,Coffee,5.7,18.7,18.5,10.3,762,2030,13.1,16.7,11.9,75.2,36.9,26.0
01033,Colbert,5.6,18.9,20.5,28.8,1306,1658,12.5,17.3,14.9,73.4,36.0,25.2
01035,Conecuh,6.2,20.8,16.0,47.5,1234,2241,13.1,13.7,7.2,67.8,39.2,30.3
01037,Coosa,5.9,19.5,,,3430,,12.1,16.4,8.8,72.8,37.4,28.1
01039,Covington,5.8,20.0,16.7,18.6,1079,2089,13.7,16.3,11.3,71.4,35.8,25.5
01041,Crenshaw,5.9,19.6,,,1192,6513,15.1,16.4,9.2,71.0,37.2,27.1
01043,Cullman,5.7,18.9,20.7,35.6,568,2159,14.9,18.5,9.0,73.5,33.9,23.2
01045,Dale,5.9,19.6,21.4,19.5,715,3303,14.6,15.8,10.0,73.2,37.3,26.3
01047,Dallas,5.8,20.3,12.5,34.4,1269,1021,11.8,12.6,14.4,68.5,40.3,31.6
01049,DeKalb,6.0,20.1,22.8,23.6,1625,2400,19.4,16.6,9.0,73.1,36.3,25.7
01051,Elmore,5.7,18.4,15.3,15.2,2461,4714,11.0,17.5,10.4,75.4,36.2,26.3
01053,Escambia,6.3,20.9,22.8,58.2,893,4074,14.2,15.5,13.7,70.7,37.9,29.0
01055,Etowah,6.0,19.6,20.1,31.3,604,1322,14.2,16.6,14.2,70.8,36.9,25.1
01057,Fayette,6.0,20.2,24.4,39.4,3966,1075,13.3,17.3,7.5,71.4,36.7,24.8
01059,Franklin,5.8,19.8,15.5,28.2,5312,2661,15.7,16.1,8.5,72.2,37.1,25.2
01061,Geneva,6.0,20.1,22.6,17.4,2478,3348,16.2,17.4,9.6,70.8,36.0,25.1
01063,Greene,6.2,21.5,,,7127,2474,11.7,11.4,8.2,71.3,40.5,33.8
01065,Hale,5.9,20.0,15.4,,2159,3649,13.6,13.8,6.7,70.3,38.3,29.9
01067,Henry,5.8,19.1,26.0,,1134,2207,14.3,16.4,12.3,74.9,37.0,26.7
01069,Houston,5.9,19.5,18.2,16.0,497,1175,13.9,15.6,11.9,74.0,39.5,27.4
01071,Jackson,6.2,20.3,14.3,16.3,1921,1959,14.8,17.1,8.8,71.4,35.3,25.6
01073,Jefferson,5.5,17.5,13.8,57.4,340,894,12.7,17.1,14.1,72.7,39.0,25.0
01075,Lamar,6.2,20.4,,,4514,,12.8,17.0,8.8,72.3,37.1,25.6
01077,Lauderdale,5.8,18.6,17.7,27.6,485,1682,11.7,17.9,13.2,74.9,34.5,23.4
01079,Lawrence,5.9,19.8,17.4,10.0,799,4745,14.5,16.9,11.0,72.0,37.1,26.0
01081,Lee,5.4,17.3,12.9,14.0,693,1987,11.8,16.9,8.8,77.7,33.5,23.5
01083,Limestone,5.2,17.1,13.8,9.9,1433,2773,10.1,17.6,7.5,76.5,35.8,23.8
01085,Lowndes,6.2,21.0,,,9485,9777,12.1,11.9,6.2,67.7,40.3,32.6
01087,Macon,6.0,19.7,,,211,3703,12.8,12.5,6.5,73.7,40.2,32.0
01089,Madison,5.4,16.0,15.3,29.1,474,1140,10.1,16.8,9.7,76.6,35.4,23.7
01091,Marengo,5.8,19.5,16.1,,2314,2343,10.9,14.1,13.9,71.2,39.1,29.5
01093,Marion,6.0,20.1,18.8,,2932,3240,14.5,17.3,10.3,73.9,36.4,25.1
01095,Marshall,5.7,18.8,18.1,29.2,339,1808,14.4,17.6,9.3,72.3,37.4,24.6
01097,Mobile,5.4,18.1,16.1,29.8,674,1362,14.1,16.0,11.1,72.8,35.5,28.4
01099,Monroe,6.1,20.6,15.4,24.0,706,2156,13.3,14.3,14.0,71.6,38.2,29.2
01101,Montgomery,5.3,17.7,12.3,17.4,410,980,13.8,14.4,14.5,73.3,37.4,28.1
01103,Morgan,5.3,18.0,19.4,28.4,543,1911,14.6,16.9,11.3,73.9,36.0,25.0
01105,Perry,6.3,21.7,,,1544,2678,11.7,12.0,12.9,68.8,39.7,31.8
01107,Pickens,5.7,19.5,,,2314,3116,12.1,14.9,11.2,72.2,37.7,28.5
01109,Pike,5.7,19.2,11.2,,849,2201,12.9,15.3,9.7,72.6,35.8,26.0
01111,Randolph,5.8,19.4,19.2,17.8,3295,3211,14.9,16.6,9.7,73.1,36.5,25.6
01113,Russell,5.9,19.6,19.8,32.4,1590,4504,13.7,15.2,9.5,70.8,39.2,29.0
01115,St. Clair,5.9,18.6,19.6,44.6,2851,5871,11.0,18.2,8.2,73.4,38.0,25.6
01117,Shelby,4.8,15.4,13.6,25.2,670,1293,8.7,19.2,9.7,80.0,31.5,21.2
01119,Sumter,5.9,20.0,,,5804,1976,12.6,12.6,11.1,71.8,38.0,30.2
01121,Talladega,5.5,19.1,18.4,21.4,2325,3363,11.8,15.8,12.2,70.9,36.9,27.0
01123,Tallapoosa,5.8,19.1,15.7,16.3,2261,2410,12.8,16.5,13.0,73.3,37.6,26.7
01125,Tuscaloosa,5.7,18.0,12.4,21.4,558,1558,10.6,16.5,9.0,75.3,33.8,24.7
01127,Walker,6.4,20.0,22.4,69.1,759,2145,14.0,16.6,13.9,68.3,36.6,24.9
01129,Washington,5.9,19.6,13.9,,3755,15122,10.2,16.5,17.3,72.6,37.5,26.8
01131,Wilcox,6.3,21.4,,,3288,5030,13.9,12.2,11.1,68.6,41.3,32.9
01133,Winston,6.1,20.4,20.0,35.2,4774,2969,14.6,17.3,9.3,72.1,37.1,24.7
