state,mha_overall_rank,mha_adult_rank,mha_youth_rank,mha_prevalence_rank,mha_access_rank,mha_adult_ami_pct,mha_youth_mde_pct,mha_youth_mde_no_services_pct,mha_adult_ami_uninsured_pct,mha_mh_workforce_ratio
Alabama,49,18,50,18,51,22.09,18.91,66.40,14.10,740
Alaska,32,33,37,31,34,23.47,17.27,55.00,7.80,140
Arizona,50,39,49,41,45,25.70,21.06,61.50,9.70,550
Arkansas,45,31,46,36,40,24.47,19.65,59.00,8.10,380
California,15,17,23,7,37,20.99,17.53,52.40,5.90,220
Colorado,41,48,31,50,14,27.73,21.91,40.00,6.50,220
Connecticut,9,7,21,21,9,24.13,19.66,61.90,5.80,220
Delaware,19,4,34,19,26,21.90,18.86,50.80,7.10,310
District of Columbia,11,45,1,32,6,28.55,16.10,45.20,3.90,150
Florida,34,11,44,10,44,19.97,19.62,57.10,14.70,490
Georgia,37,47,13,9,46,23.08,17.03,51.10,14.80,560
Hawaii,2,2,7,4,18,21.16,16.06,57.10,4.70,330
Idaho,48,38,48,42,41,26.72,20.58,51.10,7.20,400
Illinois,10,19,8,15,13,22.61,20.30,38.20,6.80,320
Indiana,14,14,17,12,25,23.73,17.01,48.30,7.40,500
Iowa,5,5,5,11,11,25.72,18.87,39.80,5.40,500
Kansas,18,30,11,14,31,23.72,19.34,49.10,17.10,420
Kentucky,25,13,36,35,16,25.22,20.53,45.70,5.40,340
Louisiana,27,15,41,27,32,22.59,17.74,52.70,6.10,290
Maine,8,10,16,49,2,25.76,20.59,27.70,5.30,180
Maryland,23,8,40,23,30,22.29,22.30,48.50,3.70,290
Massachusetts,6,26,4,30,3,23.99,18.73,48.00,5.00,140
Michigan,13,12,20,13,15,23.16,19.16,47.70,5.80,300
Minnesota,29,29,30,33,29,23.74,20.94,64.10,8.10,300
Mississippi,28,21,27,3,48,20.47,17.92,60.30,19.10,460
Missouri,36,40,29,37,24,26.08,20.20,37.70,9.60,410
Montana,40,32,45,43,28,24.60,19.63,43.00,10.90,270
Nebraska,30,36,26,24,35,24.43,20.20,52.10,8.70,310
Nevada,51,49,51,46,47,23.16,22.63,59.50,7.00,400
New Hampshire,20,22,24,44,4,26.93,22.71,49.80,7.00,260
New Jersey,3,3,9,1,27,19.69,18.28,49.10,5.70,340
New Mexico,43,28,47,47,17,24.88,21.36,56.70,7.60,220
New York,1,1,3,5,8,21.29,16.88,46.70,4.20,280
North Carolina,16,24,18,6,38,21.32,19.14,50.10,14.70,320
North Dakota,26,42,14,17,36,23.53,18.84,41.50,8.90,450
Ohio,12,16,15,22,12,23.37,19.17,45.60,6.60,310
Oklahoma,17,25,22,16,23,22.20,18.10,53.10,16.60,230
Oregon,42,46,39,51,7,30.16,21.90,42.50,4.40,150
Pennsylvania,7,9,6,20,5,24.39,19.15,50.40,6.20,370
Rhode Island,24,27,28,40,10,24.37,19.61,43.30,3.70,210
South Carolina,39,23,43,8,49,20.52,17.75,57.80,13.50,460
South Dakota,38,44,25,26,39,24.14,16.67,59.80,15.70,440
Tennessee,44,37,42,34,42,26.48,19.87,63.70,18.70,530
Texas,33,41,19,2,50,21.02,17.30,52.20,19.40,640
Utah,31,50,10,28,33,29.93,16.68,41.50,10.50,260
Vermont,4,20,2,45,1,27.02,19.89,37.80,3.30,180
Virginia,22,6,32,29,19,23.25,19.93,47.90,6.90,410
Washington,35,35,38,39,20,27.99,20.15,53.40,6.40,200
West Virginia,46,43,33,48,22,29.33,21.46,44.40,8.20,560
Wisconsin,21,34,12,25,21,24.81,17.55,46.80,4.00,400
Wyoming,47,51,35,38,43,24.89,20.14,47.80,16.60,260
National,,,,,,22.95,18.82,50.80,9.20,320
