fips,abbr,state,pop_est,pct_under18,pct_65plus,pct_black,pct_hispanic,pct_white_nh,pct_aian,veterans,median_hh_income,per_capita_income,pct_poverty,pct_uninsured_u65,pct_disability_u65,pct_broadband,pct_bachelors,pop_density,land_area_sqmi
01,AL,Alabama,5193088,21.5,19.4,25.9,6.5,62.5,1.1,303253,63999,36087,15.2,10.0,11.8,87.5,28.4,99.2,50647.13
02,AK,Alaska,737270,23.3,15.8,3.4,8.2,56.8,15.6,57477,92788,46573,10.2,12.7,10.0,91.9,31.7,1.3,571022.38
04,AZ,Arizona,7623818,21.0,20.6,5.9,32.5,51.2,5.6,452729,79964,42503,11.7,12.5,9.5,91.5,33.3,62.9,113653.42
05,AR,Arkansas,3114791,22.4,19.0,15.2,10.0,67.6,1.5,173377,60773,34225,15.5,11.4,13.3,86.7,25.7,57.9,51992.85
06,CA,California,39355309,20.8,17.5,6.4,41.2,32.5,4.3,1305453,99122,49513,11.8,6.9,7.6,93.5,37.1,253.7,155858.33
08,CO,Colorado,6012561,20.3,17.1,4.9,24.1,63.1,2.3,342276,95470,52636,9.6,9.3,8.1,93.5,45.7,55.7,103637.06
09,CT,Connecticut,3688496,19.5,20.4,13.6,19.9,60.9,1.3,134265,95781,55915,10.2,7.0,8.4,92.2,42.5,744.7,4842.37
10,DE,Delaware,1059952,19.8,22.8,24.0,11.9,56.6,1.1,59557,84954,45375,9.6,8.5,9.9,92.4,35.8,508.0,1948.55
11,DC,District of Columbia,693645,17.9,13.6,41.6,12.9,37.6,1.2,19465,109870,77348,17.3,5.0,8.5,91.2,64.2,11280.7,61.13
12,FL,Florida,23462518,18.9,22.8,16.3,29.2,49.9,0.9,1327071,74568,42609,12.0,13.6,8.9,91.6,34.1,401.4,53652.17
13,GA,Georgia,11302748,22.2,16.7,32.4,12.1,47.9,1.1,601304,77353,40924,12.6,14.0,9.4,91.0,34.9,185.6,57716.96
15,HI,Hawaii,1432820,19.7,22.6,2.0,10.6,21.5,0.5,87697,100389,46005,10.0,4.3,7.7,92.0,36.1,226.6,6422.48
16,ID,Idaho,2029733,23.3,18.7,1.2,14.8,77.8,2.0,116723,77800,38952,10.5,11.0,10.1,91.9,31.8,22.3,82645.14
17,IL,Illinois,12719141,20.6,18.7,14.5,19.9,56.7,2.0,478196,83390,46406,11.6,8.1,8.2,90.8,37.8,230.8,55513.18
18,IN,Indiana,6973333,22.6,18.4,10.6,9.6,73.5,0.8,328414,71957,38351,12.2,8.9,10.5,89.9,29.5,189.4,35826.03
19,IA,Iowa,3238387,22.2,20.1,4.9,8.1,81.0,0.8,160571,75059,40877,11.3,6.6,8.9,88.9,31.4,57.1,55853.42
20,KS,Kansas,2977220,22.9,18.9,6.1,14.6,71.2,1.5,151597,74275,40978,10.9,10.3,9.7,90.7,35.6,35.9,81758.59
21,KY,Kentucky,4606864,22.1,18.8,8.7,6.1,79.6,0.5,228692,63726,35821,15.6,8.2,13.5,88.6,27.6,114.1,39491.61
22,LA,Louisiana,4618189,22.7,18.8,32.1,8.5,54.7,1.2,212834,60756,35038,18.7,9.3,11.9,86.6,27.0,107.8,43210.23
23,ME,Maine,1414874,17.3,24.6,2.9,2.8,89.3,0.7,95013,74733,43742,10.6,7.1,11.7,90.3,36.2,44.2,30845.10
24,MD,Maryland,6265347,21.3,18.4,31.1,13.8,45.3,1.6,327493,103678,52979,9.1,7.4,8.1,92.4,43.4,636.1,9711.20
25,MA,Massachusetts,7154084,18.6,19.9,10.2,14.5,66.3,0.9,243596,103960,57897,9.7,3.3,8.6,92.8,47.3,901.2,7800.96
26,MI,Michigan,10127884,20.4,20.5,13.9,6.4,71.9,0.8,460783,72875,40735,13.4,6.2,10.3,90.5,32.4,178.0,56608.22
27,MN,Minnesota,5830405,22.0,19.1,8.3,7.2,74.3,1.7,259988,89062,48237,9.3,6.1,8.2,91.6,39.4,71.7,79626.68
28,MS,Mississippi,2954160,22.3,19.3,36.8,4.6,54.7,0.8,151757,56447,31549,17.8,11.7,13.0,84.1,25.1,63.1,46923.96
29,MO,Missouri,6270541,21.7,19.6,11.5,5.9,75.4,0.7,347543,70702,39695,12.3,9.4,10.7,89.3,32.4,89.5,68746.48
30,MT,Montana,1144694,20.2,22.2,0.7,5.3,83.2,6.4,79357,72509,41711,10.2,11.0,10.1,89.4,35.2,7.4,145550.36
31,NE,Nebraska,2018006,23.7,18.3,5.8,14.4,73.3,2.1,102710,76475,41751,10.9,8.4,8.5,90.6,34.6,25.5,76817.87
32,NV,Nevada,3282188,20.7,18.3,11.3,31.2,42.3,2.7,196013,78260,41354,11.6,13.5,9.8,92.0,27.9,28.3,109860.46
33,NH,New Hampshire,1415342,17.3,23.0,2.1,5.3,86.9,0.4,86727,99031,52798,7.2,5.5,9.5,92.9,40.6,153.9,8953.75
34,NJ,New Jersey,9548215,20.9,18.5,15.8,24.0,49.6,1.8,273031,103556,54253,9.2,9.1,7.0,92.8,43.6,1263.0,7354.76
35,NM,New Mexico,2125498,20.7,21.1,2.9,49.4,35.2,11.6,130343,64059,36218,16.4,12.4,12.0,86.5,31.0,17.5,121312.75
36,NY,New York,20002427,19.5,19.3,18.1,21.0,51.5,2.0,581776,85974,50712,14.0,5.9,8.5,90.8,40.2,428.7,47123.59
37,NC,North Carolina,11197968,21.1,18.9,21.3,12.6,58.7,2.0,615509,72388,41385,12.5,10.3,9.5,90.1,35.7,214.7,48623.02
38,ND,North Dakota,799358,22.9,17.9,4.2,5.7,79.7,5.4,42380,76657,43389,11.1,7.2,8.5,88.7,32.7,11.3,68995.86
39,OH,Ohio,11900510,21.3,20.2,13.4,5.5,74.5,0.4,605840,71389,40552,12.7,8.1,10.4,90.1,31.5,288.8,40858.76
40,OK,Oklahoma,4123288,23.2,18.0,7.9,14.0,58.7,9.4,240929,65039,35624,14.9,13.7,12.7,88.9,28.3,57.7,68596.53
41,OR,Oregon,4273586,19.0,21.0,2.5,16.2,69.8,2.6,246300,83011,45612,11.8,6.4,11.1,92.4,36.8,44.1,95995.98
42,PA,Pennsylvania,13059432,19.7,21.4,12.3,9.9,71.8,0.7,632183,77971,44355,11.6,7.2,10.3,89.7,35.2,290.6,44742.27
44,RI,Rhode Island,1114521,17.7,20.9,9.7,19.7,66.5,2.1,45406,87796,47150,12.2,5.6,9.9,91.7,37.7,1061.4,1033.89
45,SC,South Carolina,5570274,20.6,21.1,24.4,8.5,61.9,0.9,343824,69324,39236,13.3,11.0,10.3,88.8,32.1,170.3,30064.28
46,SD,South Dakota,935094,23.5,19.4,2.6,6.1,78.0,9.0,53890,75081,40550,10.4,9.8,8.5,89.6,31.9,11.7,75809.61
47,TN,Tennessee,7315076,21.5,18.6,15.7,8.6,70.0,0.9,399814,69595,39437,13.5,11.6,10.6,89.2,31.1,167.6,41232.49
48,TX,Texas,31709821,24.0,14.9,13.4,40.9,37.3,1.9,1402357,78476,40752,13.4,19.2,8.7,91.4,33.8,111.6,261267.85
49,UT,Utah,3538904,26.1,13.0,1.7,17.6,72.9,2.1,111760,95166,40873,8.3,9.3,8.0,93.4,37.7,39.7,82376.85
50,VT,Vermont,644663,17.0,24.1,1.8,2.8,89.4,0.4,32714,81203,46500,9.0,5.4,10.6,89.7,43.8,69.8,9217.45
51,VA,Virginia,8880107,20.9,18.4,19.5,12.0,57.0,1.1,629500,93170,50666,9.7,8.3,8.8,91.0,42.2,218.6,39482.11
53,WA,Washington,8001020,20.4,18.3,4.7,15.5,60.8,2.4,473124,98141,53744,9.9,7.8,9.6,93.6,39.6,115.9,66455.12
54,WV,West Virginia,1766147,19.5,22.5,4.0,2.6,88.7,0.3,104941,59608,34203,16.7,7.3,13.8,86.1,24.1,74.6,24041.15
55,WI,Wisconsin,5972787,20.5,20.8,6.7,8.8,77.7,1.4,288078,77485,43373,10.3,6.4,8.7,90.3,33.4,108.8,54167.14
56,WY,Wyoming,588753,21.6,20.7,1.2,11.5,81.2,2.9,40253,76176,42668,10.1,12.7,9.4,89.4,30.6,5.9,97088.76
1,US,United States,341784857,21.1,18.9,13.5,20.5,56.1,2.1,16185883,80734,44673,10.2,9.6,9.3,91.0,35.7,93.8,3533038.28
