fips,abbr,state,pop_est,pct_under18,pct_65plus,pct_black,pct_hispanic,pct_white_nh,pct_aian,veterans,median_hh_income,per_capita_income,pct_poverty,pct_uninsured_u65,pct_disability_u65,pct_broadband,pct_bachelors,pop_density,land_area_sqmi,chr_poor_mh_days,chr_freq_mental_distress,chr_suicide_rate,chr_drug_overdose_rate,chr_mh_provider_ratio,chr_pcp_ratio,chr_uninsured_adults,chr_excessive_drinking,chr_social_associations,chr_life_expectancy,chr_loneliness,chr_lack_social_support,chr_children_poverty,chr_severe_housing,chr_pct_rural,kff_mh_hpsa_designations,kff_mh_hpsa_population,kff_mh_hpsa_pct_need_met,kff_mh_hpsa_practitioners_needed,mha_overall_rank,mha_adult_rank,mha_youth_rank,mha_prevalence_rank,mha_access_rank,mha_adult_ami_pct,mha_youth_mde_pct,mha_youth_mde_no_services_pct,mha_adult_ami_uninsured_pct,mha_mh_workforce_ratio,nri_smha_exp_per_capita,nri_smha_exp_per_capita_rank,cdc_suicide_rate,cdc_suicide_deaths,cdc_overdose_rate,cdc_overdose_deaths,medicaid_expansion_status,medicaid_expansion_date,ccbhc_status
01,AL,Alabama,5193088,21.5,19.4,25.9,6.5,62.5,1.1,303253,63999,36087,15.2,10.0,11.8,87.5,28.4,99.2,50647.13,5.9,19.6,16.2,29.6,639,1541,12.7,16.5,11.6,73.7,37.1,26.0,21.3,13.1,42.3,67,2934202,28.40,128,49,18,50,18,51,22.09,18.91,66.40,14.10,740,133.15,30,15.9,837,25,1211,not_adopted,,medicaid_demonstration
02,AK,Alaska,737270,23.3,15.8,3.4,8.2,56.8,15.6,57477,92788,46573,10.2,12.7,10.0,91.9,31.7,1.3,571022.38,5.2,16.4,28.6,39.7,125,1046,14.7,20.1,11.0,76.1,34.0,26.6,12.5,19.8,35.1,338,420338,12.23,22,32,33,37,31,34,23.47,17.27,55.00,7.80,140,303.73,10,29.7,222,45.1,340,adopted,2015-09-01,demonstration_approved_to_start_2026-07-01
04,AZ,Arizona,7623818,21.0,20.6,5.9,32.5,51.2,5.6,452729,79964,42503,11.7,12.5,9.5,91.5,33.3,62.9,113653.42,5.4,17.4,19.1,36.3,481,1512,13.8,18.2,5.7,77.2,32.5,28.0,15.8,17.1,10.7,213,2072779,10.08,144,50,39,49,41,45,25.70,21.06,61.50,9.70,550,45.37,48,18.9,1516,32.6,2453,adopted,2014-01-01,expansion_grantee_only
05,AR,Arkansas,3114791,22.4,19.0,15.2,10.0,67.6,1.5,173377,60773,34225,15.5,11.4,13.3,86.7,25.7,57.9,51992.85,6.3,20.7,19.2,19.4,356,1442,12.3,16.6,11.7,74.0,35.8,27.8,20.2,13.2,44.5,96,1136317,25.90,71,45,31,46,36,40,24.47,19.65,59.00,8.10,380,38.95,50,19,592,13.9,416,adopted,2014-01-01,expansion_grantee_only
06,CA,California,39355309,20.8,17.5,6.4,41.2,32.5,4.3,1305453,99122,49513,11.8,6.9,7.6,93.5,37.1,253.7,155858.33,5.7,18.4,10.3,28.3,205,1199,9.0,19.0,6.2,79.7,36.2,26.8,15.0,25.8,5.8,627,11542855,23.49,598,15,17,23,7,37,20.99,17.53,52.40,5.90,220,227.93,17,9.6,4022,21.7,9028,adopted,2014-01-01,expansion_grantee_only
08,CO,Colorado,6012561,20.3,17.1,4.9,24.1,63.1,2.3,342276,95470,52636,9.6,9.3,8.1,93.5,45.7,55.7,103637.06,5.7,17.5,21.6,31.8,193,1196,9.2,20.4,8.7,78.7,,,10.9,16.0,14.0,83,4053458,40.94,138,41,48,31,50,14,27.73,21.91,40.00,6.50,220,66.76,42,20.8,1313,25.7,1610,adopted,2014-01-01,demonstration_approved_to_start_2026-07-01
09,CT,Connecticut,3688496,19.5,20.4,13.6,19.9,60.9,1.3,134265,95781,55915,10.2,7.0,8.4,92.2,42.5,744.7,4842.37,5.6,17.2,10.1,40.1,,,7.9,18.8,8.6,79.8,33.5,25.2,13.0,17.4,13.7,49,1118426,24.11,74,9,7,21,21,9,24.13,19.66,61.90,5.80,220,320.84,8,10,394,26.2,995,adopted,2014-01-01,expansion_grantee_only
10,DE,Delaware,1059952,19.8,22.8,24.0,11.9,56.6,1.1,59557,84954,45375,9.6,8.5,9.9,92.4,35.8,508.0,1948.55,5.2,16.5,12.3,52.0,285,1317,9.0,17.7,10.2,77.1,32.8,22.9,15.4,14.3,17.4,13,404336,6.95,47,19,4,34,19,26,21.90,18.86,50.80,7.10,310,161.49,26,11.8,125,33.4,338,adopted,2014-01-01,no_ccbhcs
11,DC,District of Columbia,693645,17.9,13.6,41.6,12.9,37.6,1.2,19465,109870,77348,17.3,5.0,8.5,91.2,64.2,11280.7,61.13,4.8,13.7,5.9,65.7,136,751,3.5,24.8,28.8,77.3,36.2,22.7,20.7,19.7,0.0,10,126214,0.00,8,11,45,1,32,6,28.55,16.10,45.20,3.90,150,384.55,6,5.7,44,43.2,315,adopted,2014-01-01,expansion_grantee_only
12,FL,Florida,23462518,18.9,22.8,16.3,29.2,49.9,0.9,1327071,74568,42609,12.0,13.6,8.9,91.6,34.1,401.4,53652.17,5.8,18.7,14.0,33.6,443,1368,15.5,18.5,6.9,78.5,,,16.0,19.0,8.5,239,9871089,24.87,545,34,11,44,10,44,19.97,19.62,57.10,14.70,490,52.34,47,13.9,3633,21.3,4958,not_adopted,,expansion_grantee_only
13,GA,Georgia,11302748,22.2,16.7,32.4,12.1,47.9,1.1,601304,77353,40924,12.6,14.0,9.4,91.0,34.9,185.6,57716.96,5.9,19.6,14.6,23.7,499,1491,16.0,16.2,8.8,76.0,38.8,26.0,18.8,15.2,25.9,92,5065892,45.31,174,37,47,13,9,46,23.08,17.03,51.10,14.80,560,89.97,40,14.3,1648,18.1,2029,not_adopted,,cms_approved_payment_method
15,HI,Hawaii,1432820,19.7,22.6,2.0,10.6,21.5,0.5,87697,100389,46005,10.0,4.3,7.7,92.0,36.1,226.6,6422.48,5.3,16.5,14.8,20.2,309,1152,4.4,22.5,6.3,81.4,33.0,29.7,11.8,26.1,13.9,32,502865,33.11,22,2,2,7,4,18,21.16,16.06,57.10,4.70,330,166.77,25,13.7,200,21,333,adopted,2014-01-01,demonstration_approved_to_start_2026-07-01
16,ID,Idaho,2029733,23.3,18.7,1.2,14.8,77.8,2.0,116723,77800,38952,10.5,11.0,10.1,91.9,31.8,22.3,82645.14,5.2,17.3,21.9,19.4,350,1609,12.7,17.3,7.2,78.3,30.3,21.0,11.3,13.2,30.8,65,1273700,30.35,49,48,38,48,42,41,26.72,20.58,51.10,7.20,400,61.38,43,21.2,437,17.3,338,adopted,2020-01-01,expansion_grantee_only
17,IL,Illinois,12719141,20.6,18.7,14.5,19.9,56.7,2.0,478196,83390,46406,11.6,8.1,8.2,90.8,37.8,230.8,55513.18,5.8,18.7,11.2,29.5,282,1220,8.8,21.0,9.8,78.1,34.6,25.3,14.7,15.6,13.1,228,6998099,22.93,301,10,19,8,15,13,22.61,20.30,38.20,6.80,320,88.87,41,10.8,1426,19.3,2531,adopted,2014-01-01,medicaid_demonstration
18,IN,Indiana,6973333,22.6,18.4,10.6,9.6,73.5,0.8,328414,71957,38351,12.2,8.9,10.5,89.9,29.5,189.4,35826.03,5.9,19.3,15.8,37.7,442,1507,9.1,18.4,11.8,75.6,33.7,23.6,15.1,12.2,28.8,107,6062206,39.89,222,14,14,17,12,25,23.73,17.01,48.30,7.40,500,109.32,35,16.8,1175,25.7,1717,adopted,2015-02-01,medicaid_demonstration
19,IA,Iowa,3238387,22.2,20.1,4.9,8.1,81.0,0.8,160571,75059,40877,11.3,6.6,8.9,88.9,31.4,57.1,55853.42,5.4,17.8,17.2,14.6,443,1357,7.0,23.0,14.3,78.2,33.1,24.1,13.0,11.3,36.8,181,1895311,19.52,83,5,5,5,11,11,25.72,18.87,39.80,5.40,500,401.70,5,17.1,548,13.7,427,adopted,2014-01-01,medicaid_demonstration
20,KS,Kansas,2977220,22.9,18.9,6.1,14.6,71.2,1.5,151597,74275,40978,10.9,10.3,9.7,90.7,35.6,35.9,81758.59,5.3,17.7,19.2,23.7,375,1271,11.7,18.4,13.1,76.7,31.5,21.7,13.1,12.3,27.7,114,1168427,18.67,52,18,30,11,14,31,23.72,19.34,49.10,17.10,420,260.96,14,17.9,527,19.7,570,not_adopted,,medicaid_demonstration
21,KY,Kentucky,4606864,22.1,18.8,8.7,6.1,79.6,0.5,228692,63726,35821,15.6,8.2,13.5,88.6,27.6,114.1,39491.61,,,17.5,49.7,304,1586,7.6,,10.3,73.6,,,20.2,12.9,41.3,213,2787237,19.54,150,25,13,36,35,16,25.22,20.53,45.70,5.40,340,60.09,45,17.9,844,33.5,1492,adopted,2014-01-01,medicaid_demonstration
22,LA,Louisiana,4618189,22.7,18.8,32.1,8.5,54.7,1.2,212834,60756,35038,18.7,9.3,11.9,86.6,27.0,107.8,43210.23,6.6,21.3,14.9,51.2,274,1403,10.0,19.0,9.4,73.8,38.0,30.3,25.2,15.8,28.5,180,3212910,27.70,147,27,15,41,27,32,22.59,17.74,52.70,6.10,290,218.04,18,14.1,654,33.5,1467,adopted,2016-07-01,demonstration_approved_to_start_2026-07-01
23,ME,Maine,1414874,17.3,24.6,2.9,2.8,89.3,0.7,95013,74733,43742,10.6,7.1,11.7,90.3,36.2,44.2,30845.10,6.2,20.4,18.3,46.1,171,939,8.8,19.8,10.7,77.1,34.2,24.1,12.6,12.6,61.4,66,269696,14.41,11,8,10,16,49,2,25.76,20.59,27.70,5.30,180,179.96,21,19.2,285,35.2,483,adopted,2019-01-10,medicaid_demonstration
24,MD,Maryland,6265347,21.3,18.4,31.1,13.8,45.3,1.6,327493,103678,52979,9.1,7.4,8.1,92.4,43.4,636.1,9711.20,5.4,17.0,9.6,42.5,254,1163,8.2,17.4,8.9,78.4,34.0,23.5,11.3,15.6,14.4,48,1515872,22.10,81,23,8,40,23,30,22.29,22.30,48.50,3.70,290,103.34,37,9.7,630,26.9,1772,adopted,2014-01-01,demonstration_approved_to_start_2026-07-01
25,MA,Massachusetts,7154084,18.6,19.9,10.2,14.5,66.3,0.9,243596,103960,57897,9.7,3.3,8.6,92.8,47.3,901.2,7800.96,5.7,17.5,8.4,36.3,127,970,3.5,20.4,8.9,80.2,34.8,23.6,12.7,17.3,8.7,52,250535,24.65,16,6,26,4,30,3,23.99,18.73,48.00,5.00,140,167.51,24,8.3,648,21.8,1590,adopted,2014-01-01,expansion_grantee_only
26,MI,Michigan,10127884,20.4,20.5,13.9,6.4,71.9,0.8,460783,72875,40735,13.4,6.2,10.3,90.5,32.4,178.0,56608.22,6.1,20.0,14.4,29.8,270,1239,6.4,19.5,9.6,76.8,33.5,23.5,17.5,13.4,26.5,261,3671822,39.20,149,13,12,20,13,15,23.16,19.16,47.70,5.80,300,34.22,51,13.7,1448,19.1,1944,adopted,2014-04-01,medicaid_demonstration
27,MN,Minnesota,5830405,22.0,19.1,8.3,7.2,74.3,1.7,259988,89062,48237,9.3,6.1,8.2,91.6,39.4,71.7,79626.68,5.1,17.1,14.0,23.7,261,1116,5.8,21.4,12.2,79.6,31.1,21.9,10.2,12.6,28.1,145,2604502,24.87,114,29,29,30,33,29,23.74,20.94,64.10,8.10,300,350.17,7,13.7,818,17.3,995,adopted,2014-01-01,cms_approved_payment_method
28,MS,Mississippi,2954160,22.3,19.3,36.8,4.6,54.7,0.8,151757,56447,31549,17.8,11.7,13.0,84.1,25.1,63.1,46923.96,5.6,19.1,14.8,25.4,411,1798,15.0,15.6,12.6,72.5,38.0,30.8,24.3,14.3,53.7,86,2116907,34.90,96,28,21,27,3,48,20.47,17.92,60.30,19.10,460,91.83,39,15.1,450,18.6,525,not_adopted,,demonstration_approved_to_start_2026-07-01
29,MO,Missouri,6270541,21.7,19.6,11.5,5.9,75.4,0.7,347543,70702,39695,12.3,9.4,10.7,89.3,32.4,89.5,68746.48,5.9,19.8,18.4,34.2,360,1389,10.5,18.3,11.5,75.7,32.6,20.7,14.7,12.8,30.5,263,1928387,15.18,114,36,40,29,37,24,26.08,20.20,37.70,9.60,410,171.78,23,17.8,1152,23.7,1461,adopted,2021-10-01,cms_approved_payment_method
30,MT,Montana,1144694,20.2,22.2,0.7,5.3,83.2,6.4,79357,72509,41711,10.2,11.0,10.1,89.4,35.2,7.4,145550.36,5.8,19.1,27.9,17.7,230,1198,11.9,23.7,13.8,77.3,31.6,22.4,12.8,13.8,46.6,104,792299,36.96,36,40,32,45,43,28,24.60,19.63,43.00,10.90,270,319.30,9,26.8,320,15.3,170,adopted,2016-01-01,demonstration_approved_to_start_2026-07-01
31,NE,Nebraska,2018006,23.7,18.3,5.8,14.4,73.3,2.1,102710,76475,41751,10.9,8.4,8.5,90.6,34.6,25.5,76817.87,4.6,15.3,15.2,10.3,276,1320,8.8,22.6,13.4,78.4,30.5,20.9,11.1,12.3,27.0,91,1068645,44.54,30,30,36,26,24,35,24.43,20.20,52.10,8.70,310,178.02,22,14.9,297,8.1,155,adopted,2020-10-01,expansion_grantee_only
32,NV,Nevada,3282188,20.7,18.3,11.3,31.2,42.3,2.7,196013,78260,41354,11.6,13.5,9.8,92.0,27.9,28.3,109860.46,6.0,19.4,20.1,34.0,361,1705,14.6,19.2,4.3,76.8,36.2,26.2,16.4,19.3,5.9,57,1959041,20.60,153,51,49,51,46,47,23.16,22.63,59.50,7.00,400,42.62,49,19.6,676,35.9,1237,adopted,2014-01-01,cms_approved_payment_method
33,NH,New Hampshire,1415342,17.3,23.0,2.1,5.3,86.9,0.4,86727,99031,52798,7.2,5.5,9.5,92.9,40.6,153.9,8953.75,5.4,17.0,16.0,32.7,236,1156,6.8,20.3,10.2,79.0,31.6,22.4,8.2,13.5,41.7,21,153649,48.15,4,20,22,24,44,4,26.93,22.71,49.80,7.00,260,282.10,11,16.4,248,21.6,293,adopted,2014-08-15,medicaid_demonstration
34,NJ,New Jersey,9548215,20.9,18.5,15.8,24.0,49.6,1.8,273031,103556,54253,9.2,9.1,7.0,92.8,43.6,1263.0,7354.76,5.2,16.1,7.4,31.4,304,1261,10.1,18.5,8.1,80.2,33.9,24.8,12.8,19.8,6.2,42,690095,52.27,34,3,3,9,1,27,19.69,18.28,49.10,5.70,340,238.60,16,6.7,682,20.2,1992,adopted,2014-01-01,cms_approved_payment_method
35,NM,New Mexico,2125498,20.7,21.1,2.9,49.4,35.2,11.6,130343,64059,36218,16.4,12.4,12.0,86.5,31.0,17.5,121312.75,5.5,17.5,24.1,48.4,208,1342,13.9,16.3,8.1,74.8,34.9,25.5,22.6,16.5,25.5,96,1366753,30.40,65,43,28,47,47,17,24.88,21.36,56.70,7.60,220,200.33,19,24.6,532,37.1,775,adopted,2014-01-01,medicaid_demonstration
36,NY,New York,20002427,19.5,19.3,18.1,21.0,51.5,2.0,581776,85974,50712,14.0,5.9,8.5,90.8,40.2,428.7,47123.59,5.5,17.8,8.2,31.4,255,1209,6.8,20.6,7.9,80.4,33.4,24.1,18.6,22.5,12.6,200,3773411,15.15,238,1,1,3,5,8,21.29,16.88,46.70,4.20,280,430.14,3,8.1,1701,21.3,4449,adopted,2014-01-01,cms_approved_payment_method
37,NC,North Carolina,11197968,21.1,18.9,21.3,12.6,58.7,2.0,615509,72388,41385,12.5,10.3,9.5,90.1,35.7,214.7,48623.02,5.7,18.8,13.5,36.8,285,1406,13.2,17.5,11.2,76.0,34.0,23.5,17.5,14.2,33.3,218,4269267,12.52,256,16,24,18,6,38,21.32,19.14,50.10,14.70,320,126.51,33,14.1,1620,25.7,2780,adopted,2023-12-01,expansion_grantee_only
38,ND,North Dakota,799358,22.9,17.9,4.2,5.7,79.7,5.4,42380,76657,43389,11.1,7.2,8.5,88.7,32.7,11.3,68995.86,4.5,15.4,19.5,16.9,383,1259,6.3,23.8,15.7,78.6,30.0,21.7,10.1,12.0,39.0,78,497647,34.87,18,26,42,14,17,36,23.53,18.84,41.50,8.90,450,185.47,20,19.2,145,14.8,108,adopted,2014-01-01,demonstration_approved_to_start_2026-07-01
39,OH,Ohio,11900510,21.3,20.2,13.4,5.5,74.5,0.4,605840,71389,40552,12.7,8.1,10.4,90.1,31.5,288.8,40858.76,5.9,19.5,14.6,43.3,270,1304,8.4,19.1,10.8,75.7,35.8,21.9,17.5,12.7,23.7,138,5541241,33.73,247,12,16,15,22,12,23.37,19.17,45.60,6.60,310,251.83,15,15.2,1856,27.2,3165,adopted,2014-01-01,expansion_grantee_only
40,OK,Oklahoma,4123288,23.2,18.0,7.9,14.0,58.7,9.4,240929,65039,35624,14.9,13.7,12.7,88.9,28.3,57.7,68596.53,5.7,19.3,21.5,28.5,228,1677,16.6,15.5,11.1,74.0,33.9,26.0,20.5,13.5,35.4,129,1893666,21.39,120,17,25,22,16,23,22.20,18.10,53.10,16.60,230,128.30,32,20.9,868,25.5,1019,adopted,2021-07-01,cms_approved_payment_method
41,OR,Oregon,4273586,19.0,21.0,2.5,16.2,69.8,2.6,246300,83011,45612,11.8,6.4,11.1,92.4,36.8,44.1,95995.98,6.0,19.6,19.4,33.9,129,1049,8.1,19.2,9.7,77.8,,,13.6,18.2,19.5,129,1388620,30.02,68,42,46,39,51,7,30.16,21.90,42.50,4.40,150,640.80,1,20,941,33.5,1500,adopted,2014-01-01,cms_approved_payment_method
42,PA,Pennsylvania,13059432,19.7,21.4,12.3,9.9,71.8,0.7,632183,77971,44355,11.6,7.2,10.3,89.7,35.2,290.6,44742.27,,,13.8,39.5,324,1245,7.1,,11.9,77.5,,,15.5,13.8,23.5,128,1021339,32.05,70,7,9,6,20,5,24.39,19.15,50.40,6.20,370,410.63,4,13.3,1845,25.6,3341,adopted,2015-01-01,expansion_grantee_only
44,RI,Rhode Island,1114521,17.7,20.9,9.7,19.7,66.5,2.1,45406,87796,47150,12.2,5.6,9.9,91.7,37.7,1061.4,1033.89,5.1,15.8,9.9,39.3,185,1038,5.9,22.2,9.6,79.4,32.0,20.0,15.1,16.3,8.9,15,607076,48.94,21,24,27,28,40,10,24.37,19.61,43.30,3.70,210,101.09,38,8.9,105,28,323,adopted,2014-01-01,medicaid_demonstration
45,SC,South Carolina,5570274,20.6,21.1,24.4,8.5,61.9,0.9,343824,69324,39236,13.3,11.0,10.3,88.8,32.1,170.3,30064.28,5.8,18.6,15.5,41.6,418,1476,13.0,17.3,11.2,75.1,34.5,26.4,18.8,14.1,32.1,86,4434925,30.72,201,39,23,43,8,49,20.52,17.75,57.80,13.50,460,113.36,34,16,904,27.5,1467,not_adopted,,no_ccbhcs
46,SD,South Dakota,935094,23.5,19.4,2.6,6.1,78.0,9.0,53890,75081,40550,10.4,9.8,8.5,89.6,31.9,11.7,75809.61,4.9,16.5,21.4,10.8,384,1257,11.2,21.6,15.4,77.4,,,13.5,11.4,42.8,63,661583,17.98,37,38,44,25,26,39,24.14,16.67,59.80,15.70,440,130.98,31,21.9,198,11.9,98,adopted,2023-07-01,no_ccbhcs
47,TN,Tennessee,7315076,21.5,18.6,15.7,8.6,70.0,0.9,399814,69595,39437,13.5,11.6,10.6,89.2,31.1,167.6,41232.49,6.7,22.0,17.1,53.2,471,1440,13.1,16.6,11.0,73.8,,,18.9,13.3,33.8,97,3143942,13.25,252,44,37,42,34,42,26.48,19.87,63.70,18.70,530,151.46,28,16.4,1229,35.2,2499,not_adopted,,expansion_grantee_only
48,TX,Texas,31709821,24.0,14.9,13.4,40.9,37.3,1.9,1402357,78476,40752,13.4,19.2,8.7,91.4,33.8,111.6,261267.85,5.7,18.5,13.9,17.9,553,1636,21.6,19.2,7.3,77.2,,,18.4,17.5,16.3,393,13441553,32.16,606,33,41,19,2,50,21.02,17.30,52.20,19.40,640,52.34,46,14.2,4490,15.8,4980,not_adopted,,cms_approved_payment_method
49,UT,Utah,3538904,26.1,13.0,1.7,17.6,72.9,2.1,111760,95166,40873,8.3,9.3,8.0,93.4,37.7,39.7,82376.85,5.4,18.1,21.1,19.6,239,1783,10.3,13.0,3.6,79.0,31.9,20.2,9.2,13.4,10.2,62,2655667,50.84,81,31,50,10,28,33,29.93,16.68,41.50,10.50,260,104.01,36,19.5,665,20.3,674,adopted,2020-01-01,expansion_grantee_only
50,VT,Vermont,644663,17.0,24.1,1.8,2.8,89.4,0.4,32714,81203,46500,9.0,5.4,10.6,89.7,43.8,69.8,9217.45,5.6,17.7,18.1,40.6,167,882,5.4,21.9,12.5,78.7,,,10.2,15.3,64.9,12,,,,4,20,2,45,1,27.02,19.89,37.80,3.30,180,463.17,2,14.7,105,33.6,208,adopted,2014-01-01,medicaid_demonstration
51,VA,Virginia,8880107,20.9,18.4,19.5,12.0,57.0,1.1,629500,93170,50666,9.7,8.3,8.8,91.0,42.2,218.6,39482.11,5.8,18.6,13.3,29.2,352,1320,8.6,17.4,11.1,77.8,35.0,21.9,12.7,13.9,24.4,128,2605394,22.44,158,22,6,32,29,19,23.25,19.93,47.90,6.90,410,157.53,27,12.9,1196,17.6,1552,adopted,2019-01-01,expansion_grantee_only
53,WA,Washington,8001020,20.4,18.3,4.7,15.5,60.8,2.4,473124,98141,53744,9.9,7.8,9.6,93.6,39.6,115.9,66455.12,5.7,18.3,15.4,36.3,176,1173,8.9,19.6,8.2,78.7,,,12.1,16.5,16.6,226,4511246,20.94,200,35,35,38,39,20,27.99,20.15,53.40,6.40,200,272.41,13,14.5,1221,37.6,3145,adopted,2014-01-01,demonstration_approved_to_start_2026-07-01
54,WV,West Virginia,1766147,19.5,22.5,4.0,2.6,88.7,0.3,104941,59608,34203,16.7,7.3,13.8,86.1,24.1,74.6,24041.15,7.1,23.4,19.1,79.1,464,1249,9.0,16.4,12.5,72.4,35.5,24.5,19.6,11.1,55.4,124,810123,5.68,94,46,43,33,48,22,29.33,21.46,44.40,8.20,560,150.86,29,16.4,303,48.9,821,adopted,2014-01-01,demonstration_approved_to_start_2026-07-01
55,WI,Wisconsin,5972787,20.5,20.8,6.7,8.8,77.7,1.4,288078,77485,43373,10.3,6.4,8.7,90.3,33.4,108.8,54167.14,5.3,17.3,14.7,30.1,355,1223,6.6,22.3,11.1,78.2,31.6,20.8,12.8,12.4,32.9,174,2175303,41.77,92,21,34,12,25,21,24.81,17.55,46.80,4.00,400,275.91,12,14.8,920,19.8,1175,not_adopted,,expansion_grantee_only
56,WY,Wyoming,588753,21.6,20.7,1.2,11.5,81.2,2.9,40253,76176,42668,10.1,12.7,9.4,89.4,30.6,5.9,97088.76,5.3,17.2,28.7,21.2,242,1421,15.6,18.4,13.7,76.8,,,12.0,12.1,38.0,29,966649,32.25,41,47,51,35,38,43,24.89,20.14,47.80,16.60,260,61.00,44,27.8,169,20.1,120,not_adopted,,expansion_grantee_only
00,US,United States,341784857,21.1,18.9,13.5,20.5,56.1,2.1,16185883,80734,44673,10.2,9.6,9.3,91.0,35.7,93.8,3533038.28,5.7,18.6,14.0,32.0,287,1312,11.0,18.7,9.1,77.6,34.0,23.9,16.0,16.8,20.0,6807,137133953,27.29,6800,,,,,,22.95,18.82,50.80,9.20,320,179.36,,,,,,,,
