fips,county,pop_est,pct_under18,pct_65plus,pct_black,pct_hispanic,pct_white_nh,pct_aian,veterans,median_hh_income,per_capita_income,pct_poverty,pct_uninsured_u65,pct_disability_u65,pct_broadband,pct_bachelors,pop_density,land_area_sqmi,chr_poor_mh_days,chr_freq_mental_distress,chr_suicide_rate,chr_drug_overdose_rate,chr_mh_provider_ratio,chr_pcp_ratio,chr_uninsured_adults,chr_excessive_drinking,chr_social_associations,chr_life_expectancy,chr_loneliness,chr_lack_social_support,chr_children_poverty,chr_severe_housing,chr_pct_rural,hpsa_mh_designation,hpsa_mh_coverage,hpsa_mh_status,hpsa_mh_score
01001,Autauga,61920,23.3,18.0,21.3,4.4,69.3,0.6,4842,72481,40045,12.9,8.1,11.0,93.2,29.1,98.9,594.46,5.5,18.0,15.8,13.4,2561,2390,10.2,16.9,11.1,75.3,33.7,24.3,17.0,13.5,40.7,geographic,whole,proposed_for_withdrawal,10
01003,Baldwin,267761,20.4,23.7,8.1,6.4,80.3,1.1,19604,78775,42357,10.5,9.5,8.2,90.6,33.7,145.8,1589.84,5.1,16.8,19.1,32.5,815,1540,11.4,19.7,9.6,77.0,33.3,21.9,14.1,12.0,37.6,geographic,whole,proposed_for_withdrawal,13
01005,Barbour,24607,19.3,23.3,46.0,7.4,44.5,1.2,1413,46042,26054,28.1,11.5,13.0,75.5,10.6,28.5,885.01,5.9,19.9,12.8,22.9,3480,3088,15.6,14.8,9.4,73.7,39.8,31.7,34.8,13.8,65.9,geographic,whole,proposed_for_withdrawal,11
01007,Bibb,22262,20.6,17.5,20.1,4.0,72.9,0.6,1172,52541,25997,21.6,11.4,16.2,82.9,11.7,35.8,622.47,5.9,19.9,17.5,34.7,2473,1048,15.1,16.3,8.7,72.9,37.2,28.0,21.4,11.9,100.0,low_income_population,whole,designated,17
01009,Blount,60156,22.6,19.9,2.5,10.9,83.2,1.3,2829,64190,31123,11.7,12.7,13.3,85.0,15.8,91.7,644.89,5.7,18.9,24.3,28.0,3342,4959,16.6,17.6,7.2,73.5,35.8,24.3,16.6,10.3,90.5,low_income_population,whole,designated,18
01011,Bullock,9780,18.9,21.3,68.9,7.1,22.8,1.3,426,31310,19271,36.7,13.2,13.0,68.1,8.1,16.6,622.82,6.2,21.3,,36.2,3300,5101,18.3,12.2,7.1,70.2,40.2,34.4,39.8,12.7,100.0,geographic,whole,designated,17
01013,Butler,18100,20.9,24.5,44.2,2.2,50.0,0.4,925,44755,29229,20.3,9.0,13.2,82.7,13.5,24.5,776.84,6.0,20.2,15.4,21.5,1141,3730,13.4,14.4,9.2,71.6,39.4,29.8,37.4,9.9,69.4,high_needs_geographic,whole,designated,18
01015,Calhoun,115834,20.8,20.0,22.5,5.3,67.1,0.7,6913,55029,30275,18.5,10.3,15.4,87.3,20.6,192.2,605.89,5.9,19.3,18.5,41.6,600,1898,13.9,16.7,13.1,70.7,37.5,25.9,28.5,12.4,36.5,geographic,whole,designated,17
01017,Chambers,34253,20.5,22.5,37.8,6.0,53.2,0.9,1933,49656,27725,18.9,10.3,14.9,82.1,14.9,58.3,596.56,6.0,20.0,18.9,20.4,6763,2841,12.9,14.4,17.3,72.3,37.6,28.6,26.0,15.2,50.7,low_income_population,whole,designated,16
01019,Cherokee,26413,18.3,26.4,4.2,2.3,89.7,0.6,1485,53863,32884,15.4,11.2,16.4,82.6,16.5,45.1,553.52,5.9,19.8,23.6,26.3,1452,2530,14.2,17.7,7.8,72.3,35.6,24.3,20.5,8.5,100.0,geographic,whole,proposed_for_withdrawal,17
01021,Chilton,47708,23.4,18.2,9.7,11.6,75.7,1.7,1797,65603,31057,15.4,11.9,12.8,83.3,16.5,65.0,692.84,5.7,19.3,13.3,30.5,1125,4171,15.1,16.8,15.7,72.7,37.4,25.5,21.5,12.9,85.5,high_needs_geographic,whole,proposed_for_withdrawal,8
01023,Choctaw,11904,18.7,26.4,39.8,1.3,56.6,0.3,537,47813,28953,21.9,10.5,15.8,76.1,15.8,13.9,913.48,6.1,20.3,,,4017,2488,13.7,14.9,19.6,73.2,38.6,29.0,35.8,13.6,100.0,geographic,whole,designated,12
01025,Clarke,22014,21.3,23.1,44.4,1.5,51.3,0.5,1229,49249,31921,17.8,10.0,14.6,73.7,15.0,18.6,1238.42,5.9,19.7,17.7,14.8,963,2252,13.3,14.5,16.6,71.9,40.1,30.3,28.7,12.0,100.0,high_needs_geographic,whole,proposed_for_withdrawal,18
01027,Clay,14207,20.4,23.5,13.7,3.9,78.8,0.5,758,55250,28812,17.4,10.9,16.4,80.4,14.7,23.6,603.96,5.9,20.0,23.0,,4746,2840,13.7,17.0,13.5,73.6,36.7,25.6,25.0,10.1,100.0,high_needs_geographic,whole,designated,19
01029,Cleburne,15970,22.8,20.2,3.5,2.4,90.2,0.5,913,55345,29888,14.0,10.9,13.2,76.0,17.0,26.9,560.11,6.1,19.7,27.4,,1988,3837,14.6,18.1,7.7,70.8,36.3,24.6,21.7,8.3,100.0,geographic,whole,designated,17
01031,Coffee,56953,23.5,18.3,16.4,11.2,66.1,1.7,6136,68353,34095,12.9,10.3,12.5,86.8,22.5,78.7,678.99,5.7,18.7,18.5,10.3,762,2030,13.1,16.7,11.9,75.2,36.9,26.0,21.0,11.4,47.5,high_needs_geographic,whole,designated,18
01033,Colbert,59474,21.6,21.6,15.7,4.6,74.6,0.9,3321,60628,33817,14.9,9.8,12.5,81.9,21.7,96.5,592.95,5.6,18.9,20.5,28.8,1306,1658,12.5,17.3,14.9,73.4,36.0,25.2,20.5,10.7,40.3,high_needs_geographic,whole,designated,12
01035,Conecuh,10899,19.5,26.8,42.2,3.7,50.5,0.8,640,41327,26417,22.7,10.2,11.9,72.7,13.4,13.6,850.28,6.2,20.8,16.0,47.5,1234,2241,13.1,13.7,7.2,67.8,39.2,30.3,43.1,6.3,100.0,high_needs_geographic,whole,proposed_for_withdrawal,18
01037,Coosa,10161,16.2,27.1,26.8,2.4,67.2,0.7,630,57355,30360,19.1,10.2,19.6,80.7,13.9,16.0,650.91,5.9,19.5,,,3430,,12.1,16.4,8.8,72.8,37.4,28.1,28.0,6.7,100.0,high_needs_geographic,whole,designated,19
01039,Covington,37947,22.3,23.7,12.2,2.4,81.3,0.6,2438,52456,30251,18.9,11.4,13.9,83.8,17.2,36.5,1030.57,5.8,20.0,16.7,18.6,1079,2089,13.7,16.3,11.3,71.4,35.8,25.5,22.4,11.9,68.8,high_needs_geographic,whole,designated,18
01041,Crenshaw,13175,22.7,22.3,22.8,3.6,69.1,0.8,433,48560,31043,20.4,11.3,13.5,69.2,18.7,21.7,608.87,5.9,19.6,,,1192,6513,15.1,16.4,9.2,71.0,37.2,27.1,27.1,10.4,100.0,high_needs_geographic,whole,designated,18
01043,Cullman,94009,21.9,20.0,1.6,5.8,88.5,0.9,4727,62656,33019,14.1,11.9,13.5,87.3,19.7,119.6,734.74,5.7,18.9,20.7,35.6,568,2159,14.9,18.5,9.0,73.5,33.9,23.2,21.3,10.5,75.6,low_income_population,whole,designated,16
01045,Dale,49912,22.6,19.6,21.7,7.8,64.6,1.0,5071,54963,30913,17.3,11.3,15.3,86.0,20.4,87.9,561.11,5.9,19.6,21.4,19.5,715,3303,14.6,15.8,10.0,73.2,37.3,26.3,22.0,11.6,50.5,geographic,whole,proposed_for_withdrawal,11
01047,Dallas,35140,22.1,22.9,69.7,1.4,26.5,0.2,1816,35627,24582,29.6,8.8,15.5,80.5,17.5,39.3,978.74,5.8,20.3,12.5,34.4,1269,1021,11.8,12.6,14.4,68.5,40.3,31.6,46.5,15.5,44.9,geographic,whole,designated,19
01049,DeKalb,74085,23.5,19.0,2.5,18.5,74.4,4.2,3103,51204,26490,21.3,14.6,13.2,86.9,14.1,92.2,777.08,6.0,20.1,22.8,23.6,1625,2400,19.4,16.6,9.0,73.1,36.3,25.7,28.8,12.3,88.3,geographic,whole,proposed_for_withdrawal,17
01051,Elmore,91577,20.6,19.3,21.3,3.8,70.8,0.6,6560,78243,37457,11.1,7.9,10.8,91.7,25.4,142.2,618.52,5.7,18.4,15.3,15.2,2461,4714,11.0,17.5,10.4,75.4,36.2,26.3,17.0,10.5,71.2,geographic,whole,proposed_for_withdrawal,10
01053,Escambia,36665,22.2,21.0,29.6,2.8,59.9,4.0,2075,48225,23983,19.7,10.4,16.3,79.0,13.5,38.9,945.41,6.3,20.9,22.8,58.2,893,4074,14.2,15.5,13.7,70.7,37.9,29.0,29.0,11.3,65.3,high_needs_geographic,whole,proposed_for_withdrawal,18
01055,Etowah,103886,21.7,21.4,14.7,6.2,74.5,1.3,5102,54563,29604,17.2,10.9,14.5,87.5,18.1,193.3,535.11,6.0,19.6,20.1,31.3,604,1322,14.2,16.6,14.2,70.8,36.9,25.1,25.5,11.4,43.2,geographic,whole,proposed_for_withdrawal,17
01057,Fayette,15872,21.3,23.5,10.6,2.7,82.9,0.5,773,49488,29795,17.5,10.8,16.7,80.9,14.9,26.0,627.68,6.0,20.2,24.4,39.4,3966,1075,13.3,17.3,7.5,71.4,36.7,24.8,22.0,9.8,100.0,low_income_population,whole,designated,17
01059,Franklin,32449,25.3,17.9,4.7,23.5,69.9,4.1,1025,53338,26381,17.9,13.3,12.0,72.0,15.8,50.7,633.92,5.8,19.8,15.5,28.2,5312,2661,15.7,16.1,8.5,72.2,37.1,25.2,34.4,9.9,69.0,high_needs_geographic,whole,designated,12
01061,Geneva,27554,21.2,21.9,8.5,6.9,79.5,1.4,2009,52771,27592,17.1,12.5,16.7,79.6,13.2,46.4,574.49,6.0,20.1,22.6,17.4,2478,3348,16.2,17.4,9.6,70.8,36.0,25.1,27.0,12.8,99.4,geographic,whole,proposed_for_withdrawal,11
01063,Greene,7067,21.1,25.9,78.8,1.4,17.7,0.2,420,29200,20358,33.7,9.0,18.4,67.0,15.1,11.9,647.02,6.2,21.5,,,7127,2474,11.7,11.4,8.2,71.3,40.5,33.8,46.8,13.9,100.0,geographic,whole,designated,12
01065,Hale,15194,23.8,21.0,56.1,1.6,40.1,0.2,783,39250,26491,21.0,10.2,18.4,75.4,17.6,23.0,643.99,5.9,20.0,15.4,,2159,3649,13.6,13.8,6.7,70.3,38.3,29.9,32.2,14.7,100.0,geographic,whole,designated,12
01067,Henry,18394,20.3,25.3,23.0,3.3,69.8,0.5,1189,59931,33264,16.0,11.8,15.4,82.5,21.8,30.5,561.76,5.8,19.1,26.0,,1134,2207,14.3,16.4,12.3,74.9,37.0,26.7,22.7,8.4,100.0,geographic,whole,proposed_for_withdrawal,11
01069,Houston,110318,22.3,20.9,27.2,5.5,62.2,0.8,8170,58626,34005,17.0,11.3,12.6,86.5,23.0,184.9,579.83,5.9,19.5,18.2,16.0,497,1175,13.9,15.6,11.9,74.0,39.5,27.4,24.6,13.2,34.3,geographic,whole,proposed_for_withdrawal,11
01071,Jackson,54281,20.9,22.3,3.4,4.4,84.9,1.8,3202,51908,30130,17.0,12.4,16.3,89.9,15.9,48.8,1078.02,6.2,20.3,14.3,16.3,1921,1959,14.8,17.1,8.8,71.4,35.3,25.6,19.2,10.1,75.3,low_income_population,whole,designated,18
01073,Jefferson,665742,21.7,18.7,42.2,6.3,47.0,0.9,29334,66388,41013,14.2,10.4,10.9,90.4,36.2,607.0,1111.53,5.5,17.5,13.8,57.4,340,894,12.7,17.1,14.1,72.7,39.0,25.0,21.5,16.1,12.1,low_income_population,whole,designated,18
01075,Lamar,13587,21.4,24.1,10.8,2.1,84.0,0.5,736,50000,26045,18.1,10.0,16.4,77.7,12.1,23.1,604.85,6.2,20.4,,,4514,,12.8,17.0,8.8,72.3,37.1,25.6,23.0,9.8,100.0,low_income_population,whole,designated,17
01077,Lauderdale,97135,19.0,21.8,9.9,4.1,81.5,0.7,5119,62649,35993,12.8,9.8,11.5,85.1,29.8,140.1,668.01,5.8,18.6,17.7,27.6,485,1682,11.7,17.9,13.2,74.9,34.5,23.4,16.8,11.9,52.2,high_needs_geographic,whole,designated,12
01079,Lawrence,33843,21.5,20.5,9.5,4.4,74.1,4.5,1962,66071,32568,16.1,11.0,14.5,79.0,15.2,47.9,690.68,5.9,19.8,17.4,10.0,799,4745,14.5,16.9,11.0,72.0,37.1,26.0,19.2,8.6,100.0,low_income_population,whole,designated,16
01081,Lee,189881,20.1,14.6,23.2,6.0,62.6,0.8,10251,65824,35940,16.9,9.7,9.9,88.9,42.4,286.8,607.54,5.4,17.3,12.9,14.0,693,1987,11.8,16.9,8.8,77.7,33.5,23.5,14.9,18.1,26.4,low_income_population,whole,designated,16
01083,Limestone,122928,22.2,16.8,14.6,8.4,70.4,1.2,7259,83629,40982,10.3,8.4,11.2,88.0,30.2,185.0,559.96,5.2,17.1,13.8,9.9,1433,2773,10.1,17.6,7.5,76.5,35.8,23.8,11.3,9.9,51.0,low_income_population,whole,designated,16
01085,Lowndes,9359,19.9,24.7,67.7,2.1,28.4,0.3,518,37052,26394,25.0,9.3,15.5,72.5,14.4,14.4,716.09,6.2,21.0,,,9485,9777,12.1,11.9,6.2,67.7,40.3,32.6,42.1,18.3,100.0,geographic,whole,proposed_for_withdrawal,10
01087,Macon,18132,15.8,23.9,76.6,3.2,17.7,0.5,986,43707,26341,30.8,9.5,12.2,79.1,21.1,32.1,608.67,6.0,19.7,,,211,3703,12.8,12.5,6.5,73.7,40.2,32.0,40.6,12.5,53.9,geographic,whole,designated,17
01089,Madison,433516,21.0,17.0,24.6,7.6,60.2,1.2,34400,86499,48141,9.6,8.3,10.0,92.3,46.4,484.2,801.60,5.4,16.0,15.3,29.1,474,1140,10.1,16.8,9.7,76.6,35.4,23.7,13.5,11.0,17.1,none,none,,
01091,Marengo,18311,21.4,22.9,52.0,4.0,42.4,0.3,1392,43825,30868,21.6,10.0,16.2,78.0,19.5,19.8,976.90,5.8,19.5,16.1,,2314,2343,10.9,14.1,13.9,71.2,39.1,29.5,33.1,9.2,67.8,geographic,whole,designated,12
01093,Marion,29097,20.8,21.9,4.4,4.2,87.7,0.7,1505,50088,27195,16.3,11.0,20.6,79.0,13.3,39.5,742.34,6.0,20.1,18.8,,2932,3240,14.5,17.3,10.3,73.9,36.4,25.1,24.3,10.1,100.0,low_income_population,whole,designated,17
01095,Marshall,103537,25.6,18.4,4.2,19.3,73.0,3.2,5716,62571,32259,15.9,12.7,12.0,90.1,21.5,172.5,565.85,5.7,18.8,18.1,29.2,339,1808,14.4,17.6,9.3,72.3,37.4,24.6,21.5,10.3,53.7,low_income_population,whole,designated,18
01097,Mobile,411658,22.6,19.3,35.8,3.8,54.0,1.1,24214,58880,33306,16.7,9.8,9.9,86.3,26.0,337.4,1229.37,5.4,18.1,16.1,29.8,674,1362,14.1,16.0,11.1,72.8,35.5,28.4,24.8,15.2,22.4,low_income_population,whole,proposed_for_withdrawal,17
01099,Monroe,18965,20.9,23.5,41.1,1.6,52.1,1.7,879,42292,23812,21.2,10.5,13.5,76.9,11.7,19.3,1025.67,6.1,20.6,15.4,24.0,706,2156,13.3,14.3,14.0,71.6,38.2,29.2,27.9,10.9,78.3,high_needs_geographic,whole,proposed_for_withdrawal,18
01101,Montgomery,225891,22.9,18.2,59.2,5.9,28.9,0.8,14867,59386,34594,20.2,9.8,12.2,90.3,34.5,291.5,785.35,5.3,17.7,12.3,17.4,410,980,13.8,14.4,14.5,73.3,37.4,28.1,26.0,17.4,12.4,geographic,whole,proposed_for_withdrawal,10
01103,Morgan,126483,22.5,19.6,13.1,11.9,70.0,2.2,7714,68845,35920,15.2,10.8,13.4,86.0,23.3,212.9,579.67,5.3,18.0,19.4,28.4,543,1911,14.6,16.9,11.3,73.9,36.0,25.0,16.8,10.9,38.4,low_income_population,whole,designated,16
01105,Perry,7425,20.6,23.3,68.9,1.3,28.1,0.2,238,37654,17852,29.8,8.9,15.9,75.5,15.8,11.8,719.67,6.3,21.7,,,1544,2678,11.7,12.0,12.9,68.8,39.7,31.8,50.3,10.4,100.0,geographic,whole,designated,19
01107,Pickens,18221,19.4,22.0,38.3,7.2,51.6,0.6,1066,46274,27934,22.0,9.8,16.6,80.1,13.1,21.7,881.41,5.7,19.5,,,2314,3116,12.1,14.9,11.2,72.2,37.7,28.5,30.3,9.9,100.0,low_income_population,whole,designated,17
01109,Pike,33688,19.3,17.9,37.2,3.3,53.8,0.8,1861,48677,28534,22.8,10.0,10.2,81.9,28.0,49.1,672.07,5.7,19.2,11.2,,849,2201,12.9,15.3,9.7,72.6,35.8,26.0,32.5,15.7,56.2,geographic,whole,designated,17
01111,Randolph,23163,21.2,22.3,16.4,3.5,76.4,1.1,960,52338,30082,18.6,11.7,10.1,84.9,18.4,37.8,580.55,5.8,19.4,19.2,17.8,3295,3211,14.9,16.6,9.7,73.1,36.5,25.6,25.0,11.4,100.0,high_needs_geographic,whole,designated,19
01113,Russell,58898,23.7,17.8,44.7,7.3,43.8,0.8,5725,51197,28243,20.2,10.5,14.9,79.7,18.2,92.3,641.18,5.9,19.6,19.8,32.4,1590,4504,13.7,15.2,9.5,70.8,39.2,29.0,26.7,17.8,40.4,low_income_population,whole,designated,16
01115,St. Clair,98206,21.9,19.5,11.9,3.5,80.3,0.5,4931,77463,34786,9.7,8.9,12.3,91.1,21.4,144.2,631.57,5.9,18.6,19.6,44.6,2851,5871,11.0,18.2,8.2,73.4,38.0,25.6,14.3,9.4,67.1,low_income_population,whole,designated,18
01117,Shelby,238552,21.6,18.1,15.0,8.2,71.3,1.1,11229,97961,49440,6.8,7.1,8.5,94.7,46.8,283.9,785.44,4.8,15.4,13.6,25.2,670,1293,8.7,19.2,9.7,80.0,31.5,21.2,9.4,10.0,24.0,high_needs_geographic,whole,proposed_for_withdrawal,8
01119,Sumter,11588,19.1,23.4,69.4,1.8,26.6,0.5,283,33310,21267,32.6,9.6,17.5,76.0,19.0,13.7,903.83,5.9,20.0,,,5804,1976,12.6,12.6,11.1,71.8,38.0,30.2,45.4,11.5,100.0,geographic,whole,designated,12
01121,Talladega,81603,20.2,21.3,31.9,2.7,61.5,0.5,4507,57776,30482,19.0,9.5,16.1,87.2,16.5,111.5,736.82,5.5,19.1,18.4,21.4,2325,3363,11.8,15.8,12.2,70.9,36.9,27.0,22.8,14.6,58.7,high_needs_geographic,whole,designated,19
01123,Tallapoosa,40953,19.2,25.6,25.1,3.5,68.3,0.6,2659,59356,33762,17.0,11.0,14.2,83.9,20.3,57.7,716.53,5.8,19.1,15.7,16.3,2261,2410,12.8,16.5,13.0,73.3,37.6,26.7,22.6,11.9,78.4,low_income_population,whole,designated,16
01125,Tuscaloosa,241368,19.4,15.3,31.5,6.8,57.6,0.8,11674,66231,35007,16.5,8.6,9.5,88.6,32.1,171.9,1320.85,5.7,18.0,12.4,21.4,558,1558,10.6,16.5,9.0,75.3,33.8,24.7,23.8,15.3,31.1,low_income_population,whole,designated,17
01127,Walker,65140,22.5,21.1,6.6,4.6,85.0,0.8,2704,56509,29460,18.1,11.3,16.1,84.7,16.6,82.6,791.03,6.4,20.0,22.4,69.1,759,2145,14.0,16.6,13.9,68.3,36.6,24.9,23.3,11.7,79.7,low_income_population,whole,designated,17
01129,Washington,14822,21.2,23.9,21.4,1.5,66.1,7.4,706,61042,32670,17.8,7.9,9.3,81.2,17.0,14.2,1080.20,5.9,19.6,13.9,,3755,15122,10.2,16.5,17.3,72.6,37.5,26.8,26.2,8.2,100.0,low_income_population,whole,proposed_for_withdrawal,17
01131,Wilcox,9666,20.5,24.4,69.1,1.2,28.0,0.2,432,40640,27078,34.0,10.6,13.1,78.9,12.9,11.9,887.86,6.3,21.4,,,3288,5030,13.9,12.2,11.1,68.6,41.3,32.9,48.5,15.3,100.0,geographic,whole,designated,19
01133,Winston,23829,20.6,23.1,1.4,4.5,90.3,0.9,1027,57256,29106,16.1,13.0,16.7,81.8,14.3,38.4,613.00,6.1,20.4,20.0,35.2,4774,2969,14.6,17.3,9.3,72.1,37.1,24.7,24.0,9.7,100.0,low_income_population,whole,designated,17
